month,line,division,terminal otp,num_sched_trips
2015-01,1,A DIVISION,0.762337806,9017
2015-01,2,A DIVISION,0.472874494,6175
2015-01,3,A DIVISION,0.686321563,5834
2015-01,4,A DIVISION,0.484323757,7623
2015-01,5,A DIVISION,0.493452473,6491
2015-01,6,A DIVISION,0.518463811,11509
2015-01,7,A DIVISION,0.859844181,12322
2015-01,A,B DIVISION,0.676402347,7327
2015-01,B,B DIVISION,0.767961165,4120
2015-01,C,B DIVISION,0.83975,4000
2015-01,D,B DIVISION,0.760590015,5288
2015-01,E,B DIVISION,0.690777806,7894
2015-01,F,B DIVISION,0.579040181,7939
2015-01,G,B DIVISION,0.699329096,5664
2015-01,JZ,B DIVISION,0.803453343,5444
2015-01,L,B DIVISION,0.928731648,9808
2015-01,M,B DIVISION,0.707619944,5315
2015-01,N,B DIVISION,0.684730937,5259
2015-01,Q,B DIVISION,0.698765894,5348
2015-01,R,B DIVISION,0.618342152,5670
2015-01,S 42nd,A DIVISION,0.979550448,11834
2015-01,S Fkln,B DIVISION,0.99277825,2354
2015-01,S Rock,B DIVISION,0.953841572,3358
2015-02,1,A DIVISION,0.70719198,8579
2015-02,2,A DIVISION,0.370276224,5901
2015-02,3,A DIVISION,0.58739765,5618
2015-02,4,A DIVISION,0.42507985,7201
2015-02,5,A DIVISION,0.403272845,6172
2015-02,6,A DIVISION,0.40028222,10630
2015-02,7,A DIVISION,0.772320287,11727
2015-02,A,B DIVISION,0.629842181,6970
2015-02,B,B DIVISION,0.684210526,3914
2015-02,C,B DIVISION,0.785,3800
2015-02,D,B DIVISION,0.672328659,5063
2015-02,E,B DIVISION,0.691826411,7512
2015-02,F,B DIVISION,0.530877428,7465
2015-02,G,B DIVISION,0.695401229,5371
2015-02,JZ,B DIVISION,0.722125939,5193
2015-02,L,B DIVISION,0.864387165,9505
2015-02,M,B DIVISION,0.657696874,5054
2015-02,N,B DIVISION,0.614166996,5054
2015-02,Q,B DIVISION,0.674592258,5089
2015-02,R,B DIVISION,0.577732266,5371
2015-02,S 42nd,A DIVISION,0.99615797,11192
2015-02,S Fkln,B DIVISION,0.991525424,2242
2015-02,S Rock,B DIVISION,0.941784038,3195
2015-03,1,A DIVISION,0.748816598,9929
2015-03,2,A DIVISION,0.43504783,7213
2015-03,3,A DIVISION,0.636897208,6304
2015-03,4,A DIVISION,0.398464586,8076
2015-03,5,A DIVISION,0.388523443,7145
2015-03,6,A DIVISION,0.402662094,12246
2015-03,7,A DIVISION,0.806793899,13571
2015-03,A,B DIVISION,0.655597015,8040
2015-03,B,B DIVISION,0.796685083,4525
2015-03,C,B DIVISION,0.800227273,4400
2015-03,D,B DIVISION,0.769894701,5793
2015-03,E,B DIVISION,0.713184538,8692
2015-03,F,B DIVISION,0.573254438,8450
2015-03,G,B DIVISION,0.632857377,6093
2015-03,JZ,B DIVISION,0.803202135,5996
2015-03,L,B DIVISION,0.919460088,11187
2015-03,M,B DIVISION,0.674128503,5852
2015-03,N,B DIVISION,0.721462748,5852
2015-03,Q,B DIVISION,0.759463589,5891
2015-03,R,B DIVISION,0.578104994,6248
2015-03,S 42nd,A DIVISION,0.995184349,13290
2015-03,S Fkln,B DIVISION,0.990755008,2596
2015-03,S Rock,B DIVISION,0.953796271,3701
2015-04,1,A DIVISION,0.774265002,9932
2015-04,2,A DIVISION,0.466402041,7054
2015-04,3,A DIVISION,0.670346062,6704
2015-04,4,A DIVISION,0.438242574,8080
2015-04,5,A DIVISION,0.441489362,7332
2015-04,6,A DIVISION,0.416993144,12252
2015-04,7,A DIVISION,0.797186489,13293
2015-04,A,B DIVISION,0.712515489,8070
2015-04,B,B DIVISION,0.815092674,4532
2015-04,C,B DIVISION,0.858488399,4353
2015-04,D,B DIVISION,0.784071404,5826
2015-04,E,B DIVISION,0.716421343,8696
2015-04,F,B DIVISION,0.622852042,8962
2015-04,G,B DIVISION,0.648767034,6164
2015-04,JZ,B DIVISION,0.795265088,5998
2015-04,L,B DIVISION,0.924017791,10792
2015-04,M,B DIVISION,0.725734792,5852
2015-04,N,B DIVISION,0.730023801,5882
2015-04,Q,B DIVISION,0.782926001,5892
2015-04,R,B DIVISION,0.601632522,6248
2015-04,S 42nd,A DIVISION,0.992621359,12875
2015-04,S Fkln,B DIVISION,0.998454405,2588
2015-04,S Rock,B DIVISION,0.961081081,3700
2015-05,1,A DIVISION,0.786623851,9031
2015-05,2,A DIVISION,0.443007276,6185
2015-05,3,A DIVISION,0.670879842,6092
2015-05,4,A DIVISION,0.416167665,7348
2015-05,5,A DIVISION,0.402022947,6624
2015-05,6,A DIVISION,0.499821588,11210
2015-05,7,A DIVISION,0.8327258,12345
2015-05,A,B DIVISION,0.673497082,7369
2015-05,B,B DIVISION,0.771359223,4120
2015-05,C,B DIVISION,0.79425,4000
2015-05,D,B DIVISION,0.751179913,5297
2015-05,E,B DIVISION,0.667804755,7908
2015-05,F,B DIVISION,0.59442804,7789
2015-05,G,B DIVISION,0.66767803,5603
2015-05,JZ,B DIVISION,0.721488816,5454
2015-05,L,B DIVISION,0.952670387,10036
2015-05,M,B DIVISION,0.679323308,5320
2015-05,N,B DIVISION,0.648496241,5320
2015-05,Q,B DIVISION,0.68422889,5732
2015-05,R,B DIVISION,0.553169014,5680
2015-05,S 42nd,A DIVISION,0.970360825,11640
2015-05,S Fkln,B DIVISION,1,2360
2015-05,S Rock,B DIVISION,0.944811038,3334
2015-06,1,A DIVISION,0.806828482,9929
2015-06,2,A DIVISION,0.426690079,6834
2015-06,3,A DIVISION,0.686693301,6508
2015-06,4,A DIVISION,0.431144964,8271
2015-06,5,A DIVISION,0.403638908,7145
2015-06,6,A DIVISION,0.474181411,12491
2015-06,7,A DIVISION,0.844374033,13571
2015-06,A,B DIVISION,0.672821911,8069
2015-06,B,B DIVISION,0.769196823,4532
2015-06,C,B DIVISION,0.795909091,4400
2015-06,D,B DIVISION,0.734077253,5825
2015-06,E,B DIVISION,0.720777727,8692
2015-06,F,B DIVISION,0.601026988,8374
2015-06,G,B DIVISION,0.630656934,6165
2015-06,JZ,B DIVISION,0.677935054,6005
2015-06,L,B DIVISION,0.905284515,10843
2015-06,M,B DIVISION,0.699931647,5852
2015-06,N,B DIVISION,0.644053315,5852
2015-06,Q,B DIVISION,0.706501443,5891
2015-06,R,B DIVISION,0.556177977,6248
2015-06,S 42nd,A DIVISION,0.978554779,12870
2015-06,S Fkln,B DIVISION,0.998844376,2596
2015-06,S Rock,B DIVISION,0.960010808,3701
2015-07,1,A DIVISION,0.734293194,9932
2015-07,2,A DIVISION,0.413912541,6929
2015-07,3,A DIVISION,0.656611822,6564
2015-07,4,A DIVISION,0.427511133,8084
2015-07,5,A DIVISION,0.386973721,7078
2015-07,6,A DIVISION,0.499510124,12248
2015-07,7,A DIVISION,0.838170301,13576
2015-07,A,B DIVISION,0.648517258,8228
2015-07,B,B DIVISION,0.757943513,4532
2015-07,C,B DIVISION,0.774318182,4400
2015-07,D,B DIVISION,0.728115345,5826
2015-07,E,B DIVISION,0.685602576,8696
2015-07,F,B DIVISION,0.570763723,8380
2015-07,G,B DIVISION,0.644548994,6164
2015-07,JZ,B DIVISION,0.742096506,6010
2015-07,L,B DIVISION,0.904832438,10802
2015-07,M,B DIVISION,0.698906357,5852
2015-07,N,B DIVISION,0.679954991,6221
2015-07,Q,B DIVISION,0.697216565,5892
2015-07,R,B DIVISION,0.598591549,6248
2015-07,S 42nd,A DIVISION,0.994484152,12872
2015-07,S Fkln,B DIVISION,0.996533128,2596
2015-07,S Rock,B DIVISION,0.952162162,3700
2015-08,1,A DIVISION,0.799303577,9477
2015-08,2,A DIVISION,0.405326802,6533
2015-08,3,A DIVISION,0.641746609,6046
2015-08,4,A DIVISION,0.444703747,7713
2015-08,5,A DIVISION,0.347768449,6789
2015-08,6,A DIVISION,0.560386887,11683
2015-08,7,A DIVISION,0.881494634,12953
2015-08,A,B DIVISION,0.675668657,7702
2015-08,B,B DIVISION,0.7827092,4326
2015-08,C,B DIVISION,0.845,4200
2015-08,D,B DIVISION,0.746435101,5470
2015-08,E,B DIVISION,0.716369335,8296
2015-08,F,B DIVISION,0.576451451,7992
2015-08,G,B DIVISION,0.669498726,5885
2015-08,JZ,B DIVISION,0.770477518,5738
2015-08,L,B DIVISION,0.930585683,10603
2015-08,M,B DIVISION,0.690118153,5586
2015-08,N,B DIVISION,0.668277837,5586
2015-08,Q,B DIVISION,0.754935088,5623
2015-08,R,B DIVISION,0.636820926,5964
2015-08,S 42nd,A DIVISION,0.993848789,12843
2015-08,S Fkln,B DIVISION,0.996368039,2478
2015-08,S Rock,B DIVISION,0.956694028,3533
2015-09,1,A DIVISION,0.786689239,9451
2015-09,2,A DIVISION,0.453736382,6517
2015-09,3,A DIVISION,0.665051579,6398
2015-09,4,A DIVISION,0.43847619,7875
2015-09,5,A DIVISION,0.381413075,6822
2015-09,6,A DIVISION,0.450149254,11725
2015-09,7,A DIVISION,0.814163388,12963
2015-09,A,B DIVISION,0.621793275,8030
2015-09,B,B DIVISION,0.812297735,4326
2015-09,C,B DIVISION,0.729047619,4200
2015-09,D,B DIVISION,0.741459907,5562
2015-09,E,B DIVISION,0.649927746,8304
2015-09,F,B DIVISION,0.567341329,8004
2015-09,G,B DIVISION,0.675639747,6018
2015-09,JZ,B DIVISION,0.701882845,5736
2015-09,L,B DIVISION,0.947200301,10644
2015-09,M,B DIVISION,0.740780523,5586
2015-09,N,B DIVISION,0.665771572,5586
2015-09,Q,B DIVISION,0.781333333,5625
2015-09,R,B DIVISION,0.629610999,5964
2015-09,S 42nd,A DIVISION,0.992352128,12291
2015-09,S Fkln,B DIVISION,0.998789346,2478
2015-09,S Rock,B DIVISION,0.963289698,3514
2015-10,1,A DIVISION,0.724325413,9932
2015-10,2,A DIVISION,0.4106408,6804
2015-10,3,A DIVISION,0.616199284,6704
2015-10,4,A DIVISION,0.412754114,8264
2015-10,5,A DIVISION,0.360399662,7106
2015-10,6,A DIVISION,0.376959504,12248
2015-10,7,A DIVISION,0.860931055,13576
2015-10,A,B DIVISION,0.625135168,8323
2015-10,B,B DIVISION,0.80494263,4532
2015-10,C,B DIVISION,0.737964237,4362
2015-10,D,B DIVISION,0.733607964,5826
2015-10,E,B DIVISION,0.638799448,8696
2015-10,F,B DIVISION,0.536157518,8380
2015-10,G,B DIVISION,0.653634004,6164
2015-10,JZ,B DIVISION,0.660898502,6010
2015-10,L,B DIVISION,0.899185336,10802
2015-10,M,B DIVISION,0.690020506,5852
2015-10,N,B DIVISION,0.670710868,5852
2015-10,Q,B DIVISION,0.739477257,5892
2015-10,R,B DIVISION,0.587387964,6248
2015-10,S 42nd,A DIVISION,0.981511691,12873
2015-10,S Fkln,B DIVISION,0.98844376,2596
2015-10,S Rock,B DIVISION,0.963195202,3668
2015-11,1,A DIVISION,0.753240997,9025
2015-11,2,A DIVISION,0.416828479,6180
2015-11,3,A DIVISION,0.657734057,5896
2015-11,4,A DIVISION,0.427105544,7504
2015-11,5,A DIVISION,0.38860662,6495
2015-11,6,A DIVISION,0.444680099,11316
2015-11,7,A DIVISION,0.826879639,12396
2015-11,A,B DIVISION,0.670468432,7365
2015-11,B,B DIVISION,0.642961165,4120
2015-11,C,B DIVISION,0.752286585,3936
2015-11,D,B DIVISION,0.710292729,5295
2015-11,E,B DIVISION,0.709746835,7900
2015-11,F,B DIVISION,0.551773982,7610
2015-11,G,B DIVISION,0.708598726,5652
2015-11,JZ,B DIVISION,0.663494968,5465
2015-11,L,B DIVISION,0.923922823,10003
2015-11,M,B DIVISION,0.678759398,5320
2015-11,N,B DIVISION,0.544736842,5320
2015-11,Q,B DIVISION,0.493744164,5355
2015-11,R,B DIVISION,0.554577465,5680
2015-11,S 42nd,A DIVISION,0.995190279,11851
2015-11,S Fkln,B DIVISION,0.996186441,2360
2015-11,S Rock,B DIVISION,0.97166114,3317
2015-12,1,A DIVISION,0.763894482,9932
2015-12,2,A DIVISION,0.424637681,6900
2015-12,3,A DIVISION,0.643655589,6620
2015-12,4,A DIVISION,0.444430739,8107
2015-12,5,A DIVISION,0.381891968,7146
2015-12,6,A DIVISION,0.485404972,12470
2015-12,7,A DIVISION,0.810814771,13648
2015-12,A,B DIVISION,0.701239157,8070
2015-12,B,B DIVISION,0.753089144,4532
2015-12,C,B DIVISION,0.747727273,4400
2015-12,D,B DIVISION,0.726950355,5922
2015-12,E,B DIVISION,0.684537506,8692
2015-12,F,B DIVISION,0.569006686,8376
2015-12,G,B DIVISION,0.786627335,6102
2015-12,JZ,B DIVISION,0.657737105,6010
2015-12,L,B DIVISION,0.91437774,11177
2015-12,M,B DIVISION,0.690387228,5888
2015-12,N,B DIVISION,0.647742818,5848
2015-12,Q,B DIVISION,0.678377461,5892
2015-12,R,B DIVISION,0.595870679,6248
2015-12,S 42nd,A DIVISION,0.986416207,12883
2015-12,S Fkln,B DIVISION,0.992681048,2596
2015-12,S Rock,B DIVISION,0.96,3700
2016-01,1,A DIVISION,0.771377935,9028
2016-01,2,A DIVISION,0.413793103,6264
2016-01,3,A DIVISION,0.637557452,6092
2016-01,4,A DIVISION,0.401741971,7348
2016-01,5,A DIVISION,0.378232759,6496
2016-01,6,A DIVISION,0.454635286,11132
2016-01,7,A DIVISION,0.780354267,12420
2016-01,A,B DIVISION,0.659583053,7435
2016-01,B,B DIVISION,0.692961165,4120
2016-01,C,B DIVISION,0.78325,4000
2016-01,D,B DIVISION,0.697829398,5252
2016-01,E,B DIVISION,0.689240506,7900
2016-01,F,B DIVISION,0.563321072,7612
2016-01,G,B DIVISION,0.790892857,5600
2016-01,JZ,B DIVISION,0.609786257,5661
2016-01,L,B DIVISION,0.881980198,10100
2016-01,M,B DIVISION,0.656716418,5360
2016-01,N,B DIVISION,0.617059565,5557
2016-01,Q,B DIVISION,0.65459298,5356
2016-01,R,B DIVISION,0.611795775,5680
2016-01,S 42nd,A DIVISION,0.990093091,11709
2016-01,S Fkln,B DIVISION,0.999576271,2360
2016-01,S Rock,B DIVISION,0.960760999,3364
2016-02,1,A DIVISION,0.754847337,8974
2016-02,2,A DIVISION,0.39958493,6264
2016-02,3,A DIVISION,0.623186016,6064
2016-02,4,A DIVISION,0.364316821,7348
2016-02,5,A DIVISION,0.379002463,6496
2016-02,6,A DIVISION,0.420168814,11255
2016-02,7,A DIVISION,0.736151369,12420
2016-02,A,B DIVISION,0.654187988,7426
2016-02,B,B DIVISION,0.708009709,4120
2016-02,C,B DIVISION,0.7695,4000
2016-02,D,B DIVISION,0.655559787,5252
2016-02,E,B DIVISION,0.680886076,7900
2016-02,F,B DIVISION,0.594718865,7612
2016-02,G,B DIVISION,0.8125,5600
2016-02,JZ,B DIVISION,0.704259355,5799
2016-02,L,B DIVISION,0.901584158,10100
2016-02,M,B DIVISION,0.691231343,5360
2016-02,N,B DIVISION,0.611550038,5316
2016-02,Q,B DIVISION,0.716766243,5356
2016-02,R,B DIVISION,0.597535211,5680
2016-02,S 42nd,A DIVISION,0.997038012,12154
2016-02,S Fkln,B DIVISION,0.998305085,2360
2016-02,S Rock,B DIVISION,0.97235434,3364
2016-03,1,A DIVISION,0.677645277,10566
2016-03,2,A DIVISION,0.409004093,7330
2016-03,3,A DIVISION,0.631337726,6982
2016-03,4,A DIVISION,0.410790345,8452
2016-03,5,A DIVISION,0.367554544,7471
2016-03,6,A DIVISION,0.510669553,12934
2016-03,7,A DIVISION,0.75621682,14316
2016-03,A,B DIVISION,0.651060804,8437
2016-03,B,B DIVISION,0.751806205,4706
2016-03,C,B DIVISION,0.707391304,4600
2016-03,D,B DIVISION,0.688406928,6409
2016-03,E,B DIVISION,0.699053697,9088
2016-03,F,B DIVISION,0.62628454,8758
2016-03,G,B DIVISION,0.770496894,6440
2016-03,JZ,B DIVISION,0.654382939,6377
2016-03,L,B DIVISION,0.895221696,11615
2016-03,M,B DIVISION,0.676346528,6164
2016-03,N,B DIVISION,0.661658942,6257
2016-03,Q,B DIVISION,0.721428571,6160
2016-03,R,B DIVISION,0.618187385,6532
2016-03,S 42nd,A DIVISION,0.996968128,13523
2016-03,S Fkln,B DIVISION,0.994473102,2714
2016-03,S Rock,B DIVISION,0.943064182,1932
2016-04,1,A DIVISION,0.722819347,9676
2016-04,2,A DIVISION,0.387766796,6981
2016-04,3,A DIVISION,0.615001556,6426
2016-04,4,A DIVISION,0.399300156,7716
2016-04,5,A DIVISION,0.384853396,6787
2016-04,6,A DIVISION,0.527887083,11690
2016-04,7,A DIVISION,0.753567885,13103
2016-04,A,B DIVISION,0.636115799,7703
2016-04,B,B DIVISION,0.717059639,4326
2016-04,C,B DIVISION,0.705,4200
2016-04,D,B DIVISION,0.704616453,5762
2016-04,E,B DIVISION,0.699734812,8296
2016-04,F,B DIVISION,0.628557349,8117
2016-04,G,B DIVISION,0.82182959,6056
2016-04,JZ,B DIVISION,0.663935855,5737
2016-04,L,B DIVISION,0.926732673,10605
2016-04,M,B DIVISION,0.727789623,5628
2016-04,N,B DIVISION,0.687388033,5582
2016-04,Q,B DIVISION,0.79071835,5624
2016-04,R,B DIVISION,0.628269618,5964
2016-04,S 42nd,A DIVISION,0.98607443,12495
2016-04,S Fkln,B DIVISION,0.999192897,2478
2016-04,S Rock,B DIVISION,0.919501134,1764
2016-05,1,A DIVISION,0.77035865,9480
2016-05,2,A DIVISION,0.337488598,6578
2016-05,3,A DIVISION,0.577680525,6398
2016-05,4,A DIVISION,0.381026439,7716
2016-05,5,A DIVISION,0.349350843,6701
2016-05,6,A DIVISION,0.536013687,11690
2016-05,7,A DIVISION,0.749808312,13042
2016-05,A,B DIVISION,0.641957679,7703
2016-05,B,B DIVISION,0.762135922,4326
2016-05,C,B DIVISION,0.736904762,4200
2016-05,D,B DIVISION,0.704079782,5515
2016-05,E,B DIVISION,0.705882353,8296
2016-05,F,B DIVISION,0.673254941,7994
2016-05,G,B DIVISION,0.851323829,6383
2016-05,JZ,B DIVISION,0.620881994,5737
2016-05,L,B DIVISION,0.92795851,10605
2016-05,M,B DIVISION,0.728855721,5628
2016-05,N,B DIVISION,0.620566105,5582
2016-05,Q,B DIVISION,0.687766714,5624
2016-05,R,B DIVISION,0.599058982,5951
2016-05,S 42nd,A DIVISION,0.997709049,12222
2016-05,S Fkln,B DIVISION,0.998385795,2478
2016-05,S Rock,B DIVISION,0.946712018,1764
2016-06,1,A DIVISION,0.7264377,10016
2016-06,2,A DIVISION,0.369380831,7074
2016-06,3,A DIVISION,0.597445039,6732
2016-06,4,A DIVISION,0.402457002,8140
2016-06,5,A DIVISION,0.394473757,7202
2016-06,6,A DIVISION,0.489168806,12464
2016-06,7,A DIVISION,0.779127635,13664
2016-06,A,B DIVISION,0.608252487,8143
2016-06,B,B DIVISION,0.688217123,4532
2016-06,C,B DIVISION,0.707727273,4400
2016-06,D,B DIVISION,0.657493943,5778
2016-06,E,B DIVISION,0.660379515,8748
2016-06,F,B DIVISION,0.581184336,8376
2016-06,G,B DIVISION,0.818293243,6527
2016-06,JZ,B DIVISION,0.698900016,6091
2016-06,L,B DIVISION,0.911431143,11110
2016-06,M,B DIVISION,0.703072248,5924
2016-06,N,B DIVISION,0.624574541,5876
2016-06,Q,B DIVISION,0.700101833,5892
2016-06,R,B DIVISION,0.600992318,6248
2016-06,S 42nd,A DIVISION,0.988769973,13268
2016-06,S Fkln,B DIVISION,0.999614792,2596
2016-06,S Rock,B DIVISION,0.92195122,1845
2016-07,1,A DIVISION,0.761070831,8965
2016-07,2,A DIVISION,0.289372599,6248
2016-07,3,A DIVISION,0.55675946,5999
2016-07,4,A DIVISION,0.352209,7311
2016-07,5,A DIVISION,0.386437529,6459
2016-07,6,A DIVISION,0.476770824,10913
2016-07,7,A DIVISION,0.786644029,12369
2016-07,A,B DIVISION,0.625466096,7241
2016-07,B,B DIVISION,0.698747852,4073
2016-07,C,B DIVISION,0.679685519,3943
2016-07,D,B DIVISION,0.666474986,5217
2016-07,E,B DIVISION,0.662846104,7765
2016-07,F,B DIVISION,0.571543193,7478
2016-07,G,B DIVISION,0.850047755,6282
2016-07,JZ,B DIVISION,0.647091009,5483
2016-07,L,B DIVISION,0.874003833,9913
2016-07,M,B DIVISION,0.690752527,5342
2016-07,N,B DIVISION,0.620973646,5464
2016-07,Q,B DIVISION,0.684790875,5260
2016-07,R,B DIVISION,0.573170732,5658
2016-07,S 42nd,A DIVISION,0.981259935,11953
2016-07,S Fkln,B DIVISION,0.990077653,2318
2016-07,S Rock,B DIVISION,0.947935368,1671
2016-08,1,A DIVISION,0.75273315,10519
2016-08,2,A DIVISION,0.352510176,7370
2016-08,3,A DIVISION,0.551768766,6954
2016-08,4,A DIVISION,0.415525114,8541
2016-08,5,A DIVISION,0.384554351,7562
2016-08,6,A DIVISION,0.561916424,13066
2016-08,7,A DIVISION,0.812548141,14281
2016-08,A,B DIVISION,0.658183104,8487
2016-08,B,B DIVISION,0.720768257,4738
2016-08,C,B DIVISION,0.731086957,4600
2016-08,D,B DIVISION,0.684947299,6072
2016-08,E,B DIVISION,0.700926431,9175
2016-08,F,B DIVISION,0.616158153,8751
2016-08,G,B DIVISION,0.82618092,6478
2016-08,JZ,B DIVISION,0.630668537,6417
2016-08,L,B DIVISION,0.91950898,12138
2016-08,M,B DIVISION,0.675201288,6210
2016-08,N,B DIVISION,0.638415327,6159
2016-08,Q,B DIVISION,0.717973697,6159
2016-08,R,B DIVISION,0.556683587,6501
2016-08,S 42nd,A DIVISION,0.988696307,14597
2016-08,S Fkln,B DIVISION,0.993736183,2714
2016-08,S Rock,B DIVISION,0.9159315,1927
2016-09,1,A DIVISION,0.634613383,9609
2016-09,2,A DIVISION,0.345653087,7143
2016-09,3,A DIVISION,0.483113813,5922
2016-09,4,A DIVISION,0.365097589,7839
2016-09,5,A DIVISION,0.357804807,6906
2016-09,6,A DIVISION,0.490907553,11823
2016-09,7,A DIVISION,0.821491531,13047
2016-09,A,B DIVISION,0.629500581,7749
2016-09,B,B DIVISION,0.666897827,4326
2016-09,C,B DIVISION,0.674047619,4200
2016-09,D,B DIVISION,0.651622258,5517
2016-09,E,B DIVISION,0.661538462,8385
2016-09,F,B DIVISION,0.598175228,8001
2016-09,G,B DIVISION,0.800533689,5996
2016-09,JZ,B DIVISION,0.643113159,5859
2016-09,L,B DIVISION,0.913814239,10605
2016-09,M,B DIVISION,0.665608466,5670
2016-09,N,B DIVISION,0.592177778,5625
2016-09,Q,B DIVISION,0.662351113,5793
2016-09,R,B DIVISION,0.564338235,5984
2016-09,S 42nd,A DIVISION,0.988482724,13979
2016-09,S Fkln,B DIVISION,0.993139629,2478
2016-09,S Rock,B DIVISION,0.927314026,1761
2016-10,1,A DIVISION,0.648443195,9603
2016-10,2,A DIVISION,0.361818182,7150
2016-10,3,A DIVISION,0.537795538,6006
2016-10,4,A DIVISION,0.364755675,7797
2016-10,5,A DIVISION,0.37094438,6904
2016-10,6,A DIVISION,0.492942808,12257
2016-10,7,A DIVISION,0.788755082,13037
2016-10,A,B DIVISION,0.593366886,7749
2016-10,B,B DIVISION,0.575127138,4326
2016-10,C,B DIVISION,0.62853717,4170
2016-10,D,B DIVISION,0.627607473,5513
2016-10,E,B DIVISION,0.631761194,8375
2016-10,F,B DIVISION,0.552272443,7987
2016-10,G,B DIVISION,0.759183673,5880
2016-10,JZ,B DIVISION,0.663082437,5859
2016-10,L,B DIVISION,0.89495521,10605
2016-10,M,B DIVISION,0.638624339,5670
2016-10,N,B DIVISION,0.598968522,5623
2016-10,Q,B DIVISION,0.662322275,5908
2016-10,R,B DIVISION,0.518779343,5964
2016-10,S 42nd,A DIVISION,0.993250183,13630
2016-10,S Fkln,B DIVISION,0.996368039,2478
2016-10,S Rock,B DIVISION,0.923820352,1759
2016-11,1,A DIVISION,0.680303977,9606
2016-11,2,A DIVISION,0.353452083,6793
2016-11,3,A DIVISION,0.544076274,6398
2016-11,4,A DIVISION,0.330286875,7878
2016-11,5,A DIVISION,0.353511948,6905
2016-11,6,A DIVISION,0.437711578,11816
2016-11,7,A DIVISION,0.782074752,13110
2016-11,A,B DIVISION,0.542134469,7749
2016-11,B,B DIVISION,0.520573278,4326
2016-11,C,B DIVISION,0.606169297,4182
2016-11,D,B DIVISION,0.637533998,5515
2016-11,E,B DIVISION,0.65274463,8380
2016-11,F,B DIVISION,0.462596948,7994
2016-11,G,B DIVISION,0.754081633,5880
2016-11,JZ,B DIVISION,0.629288274,5859
2016-11,L,B DIVISION,0.913124534,10728
2016-11,M,B DIVISION,0.628856942,5704
2016-11,N,B DIVISION,0.564861571,5743
2016-11,Q,B DIVISION,0.663333333,6300
2016-11,R,B DIVISION,0.695805369,5960
2016-11,S 42nd,A DIVISION,0.987425289,12883
2016-11,S Fkln,B DIVISION,0.993139629,2478
2016-11,S Rock,B DIVISION,0.917613636,1760
2016-11,W,B DIVISION,0.765017118,3213
2016-12,1,A DIVISION,0.68134041,9609
2016-12,2,A DIVISION,0.31858538,6758
2016-12,3,A DIVISION,0.565645514,6398
2016-12,4,A DIVISION,0.32513136,7803
2016-12,5,A DIVISION,0.350999131,6906
2016-12,6,A DIVISION,0.394062421,11823
2016-12,7,A DIVISION,0.750666362,13131
2016-12,A,B DIVISION,0.590140663,7749
2016-12,B,B DIVISION,0.578132224,4326
2016-12,C,B DIVISION,0.578809524,4200
2016-12,D,B DIVISION,0.594483986,5620
2016-12,E,B DIVISION,0.619797257,8385
2016-12,F,B DIVISION,0.504018509,8212
2016-12,G,B DIVISION,0.760544218,5880
2016-12,JZ,B DIVISION,0.596859532,5859
2016-12,L,B DIVISION,0.877039132,10605
2016-12,M,B DIVISION,0.578956583,5712
2016-12,N,B DIVISION,0.562370062,5772
2016-12,Q,B DIVISION,0.728721758,6462
2016-12,R,B DIVISION,0.574232511,5961
2016-12,S 42nd,A DIVISION,0.983688441,12813
2016-12,S Fkln,B DIVISION,0.99677159,2478
2016-12,S Rock,B DIVISION,0.925610449,1761
2016-12,W,B DIVISION,0.643738977,3969
2017-01,1,A DIVISION,0.727774308,9606
2017-01,2,A DIVISION,0.33758631,6662
2017-01,3,A DIVISION,0.539387309,6398
2017-01,4,A DIVISION,0.31525641,7800
2017-01,5,A DIVISION,0.349022448,6905
2017-01,6,A DIVISION,0.472410291,11816
2017-01,7,A DIVISION,0.767484382,13126
2017-01,A,B DIVISION,0.624080527,7749
2017-01,B,B DIVISION,0.55963939,4326
2017-01,C,B DIVISION,0.618095238,4200
2017-01,D,B DIVISION,0.599456029,5515
2017-01,E,B DIVISION,0.623150358,8380
2017-01,F,B DIVISION,0.498592584,8171
2017-01,G,B DIVISION,0.777380952,5880
2017-01,JZ,B DIVISION,0.634408602,5859
2017-01,L,B DIVISION,0.921452145,10605
2017-01,M,B DIVISION,0.588235294,5712
2017-01,N,B DIVISION,0.524519147,5771
2017-01,Q,B DIVISION,0.638544892,6460
2017-01,R,B DIVISION,0.634563758,5960
2017-01,S 42nd,A DIVISION,0.994933837,13225
2017-01,S Fkln,B DIVISION,0.998789346,2478
2017-01,S Rock,B DIVISION,0.953409091,1760
2017-01,W,B DIVISION,0.640463593,3969
2017-02,1,A DIVISION,0.600161458,8671
2017-02,2,A DIVISION,0.273300166,6030
2017-02,3,A DIVISION,0.502710517,5534
2017-02,4,A DIVISION,0.333899986,7059
2017-02,5,A DIVISION,0.322183099,6248
2017-02,6,A DIVISION,0.47031323,10695
2017-02,7,A DIVISION,0.691388164,11879
2017-02,A,B DIVISION,0.55198973,7011
2017-02,B,B DIVISION,0.571241488,3818
2017-02,C,B DIVISION,0.58,3800
2017-02,D,B DIVISION,0.563526524,5297
2017-02,E,B DIVISION,0.654449572,7585
2017-02,F,B DIVISION,0.486997958,7345
2017-02,G,B DIVISION,0.763533835,5320
2017-02,JZ,B DIVISION,0.650631956,5301
2017-02,L,B DIVISION,0.916562889,9636
2017-02,M,B DIVISION,0.606037152,5168
2017-02,N,B DIVISION,0.545193412,5222
2017-02,Q,B DIVISION,0.678583647,5846
2017-02,R,B DIVISION,0.686800895,5364
2017-02,S 42nd,A DIVISION,0.990649482,11871
2017-02,S Fkln,B DIVISION,0.997769848,2242
2017-02,S Rock,B DIVISION,0.919648462,1593
2017-02,W,B DIVISION,0.684767474,3591
2017-03,1,A DIVISION,0.698276721,10039
2017-03,2,A DIVISION,0.304816679,6955
2017-03,3,A DIVISION,0.487856218,6176
2017-03,4,A DIVISION,0.3312055,8146
2017-03,5,A DIVISION,0.312587413,7150
2017-03,6,A DIVISION,0.487652822,12351
2017-03,7,A DIVISION,0.745482367,13724
2017-03,A,B DIVISION,0.5388331,7867
2017-03,B,B DIVISION,0.578083407,4508
2017-03,C,B DIVISION,0.589772727,4400
2017-03,D,B DIVISION,0.563826087,5750
2017-03,E,B DIVISION,0.602285714,8750
2017-03,F,B DIVISION,0.472694611,8350
2017-03,G,B DIVISION,0.733539765,6136
2017-03,JZ,B DIVISION,0.612955995,6113
2017-03,L,B DIVISION,0.926302529,11113
2017-03,M,B DIVISION,0.632115548,5885
2017-03,N,B DIVISION,0.536200598,6022
2017-03,Q,B DIVISION,0.664294187,6744
2017-03,R,B DIVISION,0.671067645,6135
2017-03,S 42nd,A DIVISION,0.997882748,13697
2017-03,S Fkln,B DIVISION,0.999592502,2454
2017-03,S Rock,B DIVISION,0.942716858,1833
2017-03,W,B DIVISION,0.65993266,4158
2017-04,1,A DIVISION,0.705618714,9148
2017-04,2,A DIVISION,0.325200741,6476
2017-04,3,A DIVISION,0.537852719,5812
2017-04,4,A DIVISION,0.298599892,7428
2017-04,5,A DIVISION,0.309154501,6576
2017-04,6,A DIVISION,0.534482759,11252
2017-04,7,A DIVISION,0.72552,12500
2017-04,A,B DIVISION,0.573170732,7380
2017-04,B,B DIVISION,0.59684466,4120
2017-04,C,B DIVISION,0.6035,4000
2017-04,D,B DIVISION,0.513899467,5252
2017-04,E,B DIVISION,0.600125313,7980
2017-04,F,B DIVISION,0.454545455,7612
2017-04,G,B DIVISION,0.751785714,5600
2017-04,JZ,B DIVISION,0.594265233,5580
2017-04,L,B DIVISION,0.941065535,10605
2017-04,M,B DIVISION,0.619117647,5440
2017-04,N,B DIVISION,0.510917031,5496
2017-04,Q,B DIVISION,0.687743823,6152
2017-04,R,B DIVISION,0.709126145,5676
2017-04,S 42nd,A DIVISION,0.982646244,12274
2017-04,S Fkln,B DIVISION,1,2360
2017-04,S Rock,B DIVISION,0.976133652,1676
2017-04,W,B DIVISION,0.65,3780
2017-05,1,A DIVISION,0.706279809,10064
2017-05,2,A DIVISION,0.300429799,6980
2017-05,3,A DIVISION,0.503534112,6508
2017-05,4,A DIVISION,0.279817066,8309
2017-05,5,A DIVISION,0.261958675,7066
2017-05,6,A DIVISION,0.513085622,12380
2017-05,7,A DIVISION,0.762870855,13752
2017-05,A,B DIVISION,0.508992363,8118
2017-05,B,B DIVISION,0.528684907,4532
2017-05,C,B DIVISION,0.583636364,4400
2017-05,D,B DIVISION,0.526041667,5952
2017-05,E,B DIVISION,0.530182232,8780
2017-05,F,B DIVISION,0.385386819,8376
2017-05,G,B DIVISION,0.699350649,6160
2017-05,JZ,B DIVISION,0.604105572,6138
2017-05,L,B DIVISION,0.934886605,11288
2017-05,M,B DIVISION,0.645721925,5984
2017-05,N,B DIVISION,0.509203453,6139
2017-05,Q,B DIVISION,0.635933806,6768
2017-05,R,B DIVISION,0.737617352,6178
2017-05,S 42nd,A DIVISION,0.992662318,13492
2017-05,S Fkln,B DIVISION,0.987673344,2596
2017-05,S Rock,B DIVISION,0.953362256,1844
2017-05,W,B DIVISION,0.664742665,4158
2017-06,1,A DIVISION,0.649281431,10507
2017-06,2,A DIVISION,0.276034952,6981
2017-06,3,A DIVISION,0.450826,6477
2017-06,4,A DIVISION,0.301496532,8219
2017-06,5,A DIVISION,0.315169163,7212
2017-06,6,A DIVISION,0.545880452,12380
2017-06,7,A DIVISION,0.74002751,13813
2017-06,A,B DIVISION,0.508253264,8118
2017-06,B,B DIVISION,0.483230362,4532
2017-06,C,B DIVISION,0.538636364,4400
2017-06,D,B DIVISION,0.515125908,5917
2017-06,E,B DIVISION,0.593394077,8780
2017-06,F,B DIVISION,0.476957975,8376
2017-06,G,B DIVISION,0.716950788,6218
2017-06,JZ,B DIVISION,0.62821766,6138
2017-06,L,B DIVISION,0.956006019,11297
2017-06,M,B DIVISION,0.657118427,7017
2017-06,N,B DIVISION,0.463281508,6046
2017-06,Q,B DIVISION,0.614952719,6768
2017-06,R,B DIVISION,0.677290199,6244
2017-06,S 42nd,A DIVISION,0.984584599,13493
2017-06,S Fkln,B DIVISION,0.998844376,2596
2017-06,S Rock,B DIVISION,0.948481562,1844
2017-06,W,B DIVISION,0.672438672,4158
2017-07,1,A DIVISION,0.663464652,9265
2017-07,2,A DIVISION,0.277068558,6345
2017-07,3,A DIVISION,0.501556102,6105
2017-07,4,A DIVISION,0.344077357,7446
2017-07,5,A DIVISION,0.337151469,6635
2017-07,6,A DIVISION,0.585329209,11315
2017-07,7,A DIVISION,0.71207577,12670
2017-07,A,B DIVISION,0.593911389,7358
2017-07,B,B DIVISION,0.505392157,4080
2017-07,C,B DIVISION,0.619832615,3943
2017-07,D,B DIVISION,0.594560967,5626
2017-07,E,B DIVISION,0.630470219,7975
2017-07,F,B DIVISION,0.539915966,7616
2017-07,G,B DIVISION,0.737380513,5963
2017-07,JZ,B DIVISION,0.740860215,5580
2017-07,L,B DIVISION,0.961673439,10828
2017-07,M,B DIVISION,0.756008359,9570
2017-07,N,B DIVISION,0.559553796,5558
2017-07,Q,B DIVISION,0.608422072,6198
2017-07,R,B DIVISION,0.707312775,5675
2017-07,S 42nd,A DIVISION,0.994512386,12756
2017-07,S Fkln,B DIVISION,0.999152542,2360
2017-07,S Rock,B DIVISION,0.950447761,1675
2017-07,W,B DIVISION,0.707936508,3780
2017-08,1,A DIVISION,0.738180113,10660
2017-08,2,A DIVISION,0.279101616,7302
2017-08,3,A DIVISION,0.504158302,6974
2017-08,4,A DIVISION,0.372308052,8544
2017-08,5,A DIVISION,0.340953883,7611
2017-08,6,A DIVISION,0.625991834,12981
2017-08,7,A DIVISION,0.692591077,14658
2017-08,A,B DIVISION,0.590314599,8487
2017-08,B,B DIVISION,0.550654285,4738
2017-08,C,B DIVISION,0.652173913,4600
2017-08,D,B DIVISION,0.559506173,6075
2017-08,E,B DIVISION,0.557734205,9180
2017-08,F,B DIVISION,0.417561087,8758
2017-08,G,B DIVISION,0.778406617,6891
2017-08,JZ,B DIVISION,0.708119059,6417
2017-08,L,B DIVISION,0.925750141,12431
2017-08,M,B DIVISION,0.739667545,11009
2017-08,N,B DIVISION,0.513051732,6321
2017-08,Q,B DIVISION,0.662143257,7148
2017-08,R,B DIVISION,0.717218137,6528
2017-08,S 42nd,A DIVISION,0.990923273,14102
2017-08,S Fkln,B DIVISION,0.997052321,2714
2017-08,S Rock,B DIVISION,0.941390041,1928
2017-08,W,B DIVISION,0.718886588,4347
2017-09,1,A DIVISION,0.704454751,9271
2017-09,2,A DIVISION,0.277121713,6351
2017-09,3,A DIVISION,0.444846293,6083
2017-09,4,A DIVISION,0.319876194,7431
2017-09,5,A DIVISION,0.261354184,6011
2017-09,6,A DIVISION,0.518962608,11259
2017-09,7,A DIVISION,0.782083464,12748
2017-09,A,B DIVISION,0.580623306,7380
2017-09,B,B DIVISION,0.584708738,4120
2017-09,C,B DIVISION,0.604,4000
2017-09,D,B DIVISION,0.576101342,5289
2017-09,E,B DIVISION,0.566562304,7985
2017-09,F,B DIVISION,0.448352802,7619
2017-09,G,B DIVISION,0.789346664,5801
2017-09,JZ,B DIVISION,0.690143369,5580
2017-09,L,B DIVISION,0.928544776,10720
2017-09,M,B DIVISION,0.745874243,9574
2017-09,N,B DIVISION,0.539385119,5497
2017-09,Q,B DIVISION,0.663402693,6536
2017-09,R,B DIVISION,0.683726798,5549
2017-09,S 42nd,A DIVISION,0.995762367,12271
2017-09,S Fkln,B DIVISION,0.999152542,2360
2017-09,S Rock,B DIVISION,0.93679189,1677
2017-09,W,B DIVISION,0.755555556,3780
2017-10,1,A DIVISION,0.719317178,10193
2017-10,2,A DIVISION,0.308265292,6981
2017-10,3,A DIVISION,0.475003753,6661
2017-10,4,A DIVISION,0.329421728,8266
2017-10,5,A DIVISION,0.244907063,6725
2017-10,6,A DIVISION,0.537218136,12373
2017-10,7,A DIVISION,0.728453196,14016
2017-10,A,B DIVISION,0.54236052,8227
2017-10,B,B DIVISION,0.563548102,4532
2017-10,C,B DIVISION,0.582272727,4400
2017-10,D,B DIVISION,0.563279561,6013
2017-10,E,B DIVISION,0.604444444,8775
2017-10,F,B DIVISION,0.444617039,8369
2017-10,G,B DIVISION,0.739221702,6193
2017-10,JZ,B DIVISION,0.673672206,6138
2017-10,L,B DIVISION,0.928256445,11792
2017-10,M,B DIVISION,0.730908055,10528
2017-10,N,B DIVISION,0.627460711,6045
2017-10,Q,B DIVISION,0.709365382,6823
2017-10,R,B DIVISION,0.647925677,6243
2017-10,S 42nd,A DIVISION,0.993875516,14042
2017-10,S Fkln,B DIVISION,0.997303544,2596
2017-10,S Rock,B DIVISION,0.94574064,1843
2017-10,W,B DIVISION,0.699134199,4158
2017-11,1,A DIVISION,0.695745993,9732
2017-11,2,A DIVISION,0.249474947,6666
2017-11,3,A DIVISION,0.413270297,6134
2017-11,4,A DIVISION,0.27025641,7800
2017-11,5,A DIVISION,0.251840251,6385
2017-11,6,A DIVISION,0.47647258,11816
2017-11,7,A DIVISION,0.692123748,13382
2017-11,A,B DIVISION,0.497033789,7754
2017-11,B,B DIVISION,0.464863615,4326
2017-11,C,B DIVISION,0.562857143,4200
2017-11,D,B DIVISION,0.454034451,5515
2017-11,E,B DIVISION,0.614671164,8302
2017-11,F,B DIVISION,0.463722792,7994
2017-11,G,B DIVISION,0.70303335,5967
2017-11,JZ,B DIVISION,0.708824031,5859
2017-11,L,B DIVISION,0.966381364,11333
2017-11,M,B DIVISION,0.759625908,10051
2017-11,N,B DIVISION,0.651001292,6192
2017-11,Q,B DIVISION,0.645971497,7087
2017-11,R,B DIVISION,0.639009702,5978
2017-11,S 42nd,A DIVISION,0.987381224,13155
2017-11,S Fkln,B DIVISION,0.996054362,2281
2017-11,S Rock,B DIVISION,0.937240971,1689
2017-11,W,B DIVISION,0.707986898,3969
2017-12,1,A DIVISION,0.706935606,9271
2017-12,2,A DIVISION,0.433632499,6351
2017-12,3,A DIVISION,0.593457176,6083
2017-12,4,A DIVISION,0.433894709,7541
2017-12,5,A DIVISION,0.471193104,6613
2017-12,6,A DIVISION,0.421688843,11499
2017-12,7,A DIVISION,0.658770003,12748
2017-12,A,B DIVISION,0.484688347,7380
2017-12,B,B DIVISION,0.490048544,4120
2017-12,C,B DIVISION,0.53425,4000
2017-12,D,B DIVISION,0.455652836,5254
2017-12,E,B DIVISION,0.523982467,7985
2017-12,F,B DIVISION,0.403071269,7619
2017-12,G,B DIVISION,0.640793904,5643
2017-12,JZ,B DIVISION,0.647132616,5580
2017-12,L,B DIVISION,0.921240167,10805
2017-12,M,B DIVISION,0.760402474,9541
2017-12,N,B DIVISION,0.637828371,5710
2017-12,Q,B DIVISION,0.663913992,6418
2017-12,R,B DIVISION,0.620267057,5467
2017-12,S 42nd,A DIVISION,0.979326883,12093
2017-12,S Fkln,B DIVISION,0.995762712,2360
2017-12,S Rock,B DIVISION,0.944206009,1631
2017-12,W,B DIVISION,0.696961549,3719
2018-01,1,A DIVISION,0.674578266,10196
2018-01,2,A DIVISION,0.372597816,7233
2018-01,3,A DIVISION,0.567967275,6356
2018-01,4,A DIVISION,0.382623225,8379
2018-01,5,A DIVISION,0.417330404,7282
2018-01,6,A DIVISION,0.471890145,12380
2018-01,7,A DIVISION,0.636947218,14020
2018-01,A,B DIVISION,0.380969697,8250
2018-01,B,B DIVISION,0.457280661,4354
2018-01,C,B DIVISION,0.347189967,4306
2018-01,D,B DIVISION,0.419946182,5946
2018-01,E,B DIVISION,0.473917995,8780
2018-01,F,B DIVISION,0.32186907,8432
2018-01,G,B DIVISION,0.508056719,6206
2018-01,JZ,B DIVISION,0.598566308,6138
2018-01,L,B DIVISION,0.84921981,11792
2018-01,M,B DIVISION,0.703608737,10530
2018-01,N,B DIVISION,0.547304003,6046
2018-01,Q,B DIVISION,0.588820603,6834
2018-01,R,B DIVISION,0.559048835,6266
2018-01,S 42nd,A DIVISION,0.987184994,13968
2018-01,S Fkln,B DIVISION,0.992583919,2562
2018-01,S Rock,B DIVISION,0.925841415,1753
2018-01,W,B DIVISION,0.634439634,4158
2018-02,1,A DIVISION,0.679943717,9239
2018-02,2,A DIVISION,0.440908337,6033
2018-02,3,A DIVISION,0.614631443,5413
2018-02,4,A DIVISION,0.422731667,7241
2018-02,5,A DIVISION,0.495862508,6284
2018-02,6,A DIVISION,0.491725105,10695
2018-02,7,A DIVISION,0.610639875,12143
2018-02,A,B DIVISION,0.509199829,7011
2018-02,B,B DIVISION,0.485274609,3769
2018-02,C,B DIVISION,0.453947368,3800
2018-02,D,B DIVISION,0.477559055,5080
2018-02,E,B DIVISION,0.501252472,7585
2018-02,F,B DIVISION,0.379577372,7619
2018-02,G,B DIVISION,0.613345865,5320
2018-02,JZ,B DIVISION,0.594793435,5301
2018-02,L,B DIVISION,0.906323645,10184
2018-02,M,B DIVISION,0.724024189,9095
2018-02,N,B DIVISION,0.56372093,5375
2018-02,Q,B DIVISION,0.643485342,6140
2018-02,R,B DIVISION,0.541389505,5412
2018-02,S 42nd,A DIVISION,0.98723692,11831
2018-02,S Fkln,B DIVISION,1,2242
2018-02,S Rock,B DIVISION,0.953546767,1593
2018-02,W,B DIVISION,0.724867725,3591
2018-03,1,A DIVISION,0.744152469,10389
2018-03,2,A DIVISION,0.466448212,7019
2018-03,3,A DIVISION,0.624367889,6328
2018-03,4,A DIVISION,0.473537941,8276
2018-03,5,A DIVISION,0.531447405,7282
2018-03,6,A DIVISION,0.505088853,12380
2018-03,7,A DIVISION,0.554979769,14087
2018-03,A,B DIVISION,0.552475979,8118
2018-03,B,B DIVISION,0.528483992,4248
2018-03,C,B DIVISION,0.5475,4400
2018-03,D,B DIVISION,0.510211146,5778
2018-03,E,B DIVISION,0.584396355,8780
2018-03,F,B DIVISION,0.470630372,8376
2018-03,G,B DIVISION,0.691558442,6160
2018-03,JZ,B DIVISION,0.704138156,6138
2018-03,L,B DIVISION,0.893147897,11792
2018-03,M,B DIVISION,0.774928775,10530
2018-03,N,B DIVISION,0.590951204,6476
2018-03,Q,B DIVISION,0.696810067,6834
2018-03,R,B DIVISION,0.646026173,6266
2018-03,S 42nd,A DIVISION,0.987776314,13662
2018-03,S Fkln,B DIVISION,0.997688752,2596
2018-03,S Rock,B DIVISION,0.939220183,1744
2018-03,W,B DIVISION,0.720779221,4158
2018-04,1,A DIVISION,0.724020968,9729
2018-04,2,A DIVISION,0.493524775,7104
2018-04,3,A DIVISION,0.696517413,6231
2018-04,4,A DIVISION,0.545466205,7797
2018-04,5,A DIVISION,0.538627226,6964
2018-04,6,A DIVISION,0.532283728,11941
2018-04,7,A DIVISION,0.57093736,13378
2018-04,A,B DIVISION,0.599174087,7749
2018-04,B,B DIVISION,0.610630408,4045
2018-04,C,B DIVISION,0.603809524,4200
2018-04,D,B DIVISION,0.541621426,5526
2018-04,E,B DIVISION,0.573373134,8375
2018-04,F,B DIVISION,0.502065857,7987
2018-04,G,B DIVISION,0.732142857,5880
2018-04,JZ,B DIVISION,0.671941467,5877
2018-04,L,B DIVISION,0.931236674,11256
2018-04,M,B DIVISION,0.764788169,10008
2018-04,N,B DIVISION,0.662018048,6095
2018-04,Q,B DIVISION,0.722741911,6521
2018-04,R,B DIVISION,0.684615385,5980
2018-04,S 42nd,A DIVISION,0.990878687,13156
2018-04,S Fkln,B DIVISION,0.998789346,2478
2018-04,S Rock,B DIVISION,0.978965321,1759
2018-04,W,B DIVISION,0.758629378,3969
2018-05,1,A DIVISION,0.719,10152
2018-05,2,A DIVISION,0.534,7713
2018-05,3,A DIVISION,0.688,6476
2018-05,4,A DIVISION,0.547,8194
2018-05,5,A DIVISION,0.627,7304
2018-05,6,A DIVISION,0.561,12132
2018-05,7,A DIVISION,0.633,13907
2018-05,A,B DIVISION,0.557,8106
2018-05,B,B DIVISION,0.568,4406
2018-05,C,B DIVISION,0.608,4246
2018-05,D,B DIVISION,0.476,6373
2018-05,E,B DIVISION,0.554,8882
2018-05,F,B DIVISION,0.4,8508
2018-05,G,B DIVISION,0.697,6161
2018-05,JZ,B DIVISION,0.715,6136
2018-05,L,B DIVISION,0.92,11742
2018-05,M,B DIVISION,0.643,5952
2018-05,N,B DIVISION,0.592,10096
2018-05,Q,B DIVISION,0.607,6968
2018-05,R,B DIVISION,0.586,6189
2018-05,S 42nd,A DIVISION,0.996,13522
2018-05,S Fkln,B DIVISION,0.996,5192
2018-05,S Rock,B DIVISION,0.968,3276
2018-06,1,A DIVISION,0.730130548,9575
2018-06,2,A DIVISION,0.581601588,7555
2018-06,3,A DIVISION,0.709645343,6034
2018-06,4,A DIVISION,0.576894594,8102
2018-06,5,A DIVISION,0.640950853,6857
2018-06,6,A DIVISION,0.605815143,11728
2018-06,7,A DIVISION,0.610809179,13248
2018-06,A,B DIVISION,0.550883529,7753
2018-06,B,B DIVISION,0.631605184,4012
2018-06,C,B DIVISION,0.660238095,4200
2018-06,D,B DIVISION,0.652205973,8137
2018-06,E,B DIVISION,0.570585458,8472
2018-06,F,B DIVISION,0.467810092,8046
2018-06,G,B DIVISION,0.749201009,5945
2018-06,JZ,B DIVISION,0.655855241,5858
2018-06,L,B DIVISION,0.92554693,11336
2018-06,M,B DIVISION,0.635514019,5671
2018-06,N,B DIVISION,0.525255655,9681
2018-06,Q,B DIVISION,0.661004095,6593
2018-06,R,B DIVISION,0.581000848,5895
2018-06,S 42nd,A DIVISION,0.996506828,12596
2018-06,S Fkln,B DIVISION,0.997175141,4956
2018-06,S Rock,B DIVISION,0.954081633,3528
2018-06,W,B DIVISION,0,0
2018-07,1,A DIVISION,0.68655197,9823
2018-07,2,A DIVISION,0.468469675,7469
2018-07,3,A DIVISION,0.637256591,5803
2018-07,4,A DIVISION,0.557852281,7934
2018-07,5,A DIVISION,0.595744681,6909
2018-07,6,A DIVISION,0.661203095,12019
2018-07,7,A DIVISION,0.698435601,13168
2018-07,A,B DIVISION,0.541164132,7628
2018-07,B,B DIVISION,0.612656981,4061
2018-07,C,B DIVISION,0.642619048,4200
2018-07,D,B DIVISION,0.456595669,5587
2018-07,E,B DIVISION,0.55501771,8470
2018-07,F,B DIVISION,0.486463415,8200
2018-07,G,B DIVISION,0.716110835,6027
2018-07,JZ,B DIVISION,0.600236847,5911
2018-07,L,B DIVISION,0.887594541,11503
2018-07,M,B DIVISION,0.582977967,5628
2018-07,N,B DIVISION,0.582625864,10130
2018-07,Q,B DIVISION,0.726462143,6617
2018-07,R,B DIVISION,0.485518165,5973
2018-07,S 42nd,A DIVISION,0.996572675,12838
2018-07,S Fkln,B DIVISION,0.999192897,4956
2018-07,S Rock,B DIVISION,0.905368013,3614
2018-07,W,B DIVISION,0,0
2018-08,1,A DIVISION,0.740120437,10628
2018-08,2,A DIVISION,0.572993599,8124
2018-08,3,A DIVISION,0.75,6032
2018-08,4,A DIVISION,0.643439837,8826
2018-08,5,A DIVISION,0.68569473,7305
2018-08,6,A DIVISION,0.697855145,12868
2018-08,7,A DIVISION,0.718693911,14486
2018-08,A,B DIVISION,0.538294798,8304
2018-08,B,B DIVISION,0.558243728,4464
2018-08,C,B DIVISION,0.60431338,4544
2018-08,D,B DIVISION,0.653039497,9393
2018-08,E,B DIVISION,0.526973188,9287
2018-08,F,B DIVISION,0.509047727,8842
2018-08,G,B DIVISION,0.730556409,6506
2018-08,JZ,B DIVISION,0.5709867,6466
2018-08,L,B DIVISION,0.911090092,12687
2018-08,M,B DIVISION,0.618158194,6157
2018-08,N,B DIVISION,0.534979424,10692
2018-08,Q,B DIVISION,0.674672188,7245
2018-08,R,B DIVISION,0.41532567,6525
2018-08,S 42nd,A DIVISION,0.995240463,14077
2018-08,S Fkln,B DIVISION,0.992952522,5392
2018-08,S Rock,B DIVISION,0.943377149,3956
2018-08,W,B DIVISION,0,0
2018-09,1,A DIVISION,0.729164245,8603
2018-09,2,A DIVISION,0.5715367146,6605
2018-09,3,A DIVISION,0.7232668566,5265
2018-09,4,A DIVISION,0.5971967514,7634
2018-09,5,A DIVISION,0.612633306,6095
2018-09,6,A DIVISION,0.6869451453,10701
2018-09,7,A DIVISION,0.7898435539,11953
2018-09,A,B DIVISION,0.571894456,6746
2018-09,B,B DIVISION,0.5562293275,3628
2018-09,C,B DIVISION,0.6083179784,3799
2018-09,D,B DIVISION,0.6593225007,7262
2018-09,E,B DIVISION,0.6141013945,7673
2018-09,F,B DIVISION,0.503685852,7054
2018-09,G,B DIVISION,0.7407129456,5330
2018-09,JZ,B DIVISION,0.548515226,5287
2018-09,L,B DIVISION,0.9259037348,10014
2018-09,M,B DIVISION,0.6609837351,5103
2018-09,N,B DIVISION,0.547357465,8647
2018-09,Q,B DIVISION,0.6408756684,5984
2018-09,R,B DIVISION,0.4684152198,5414
2018-09,S 42nd,A DIVISION,0.9957809616,11377
2018-09,S Fkln,B DIVISION,0.995923913,4416
2018-09,S Rock,B DIVISION,0.9586595678,3193
2018-09,W,B DIVISION,0,0
2018-10,1,A DIVISION,0.76217176,10701
2018-10,2,A DIVISION,0.611330363,7855
2018-10,3,A DIVISION,0.730561138,6469
2018-10,4,A DIVISION,0.626101257,8513
2018-10,5,A DIVISION,0.687866667,7500
2018-10,6,A DIVISION,0.685428393,12792
2018-10,7,A DIVISION,0.762193001,14373
2018-10,A,B DIVISION,0.539849092,8482
2018-10,B,B DIVISION,0.55812357,4370
2018-10,C,B DIVISION,0.634347826,4600
2018-10,D,B DIVISION,0.52524443,6239
2018-10,E,B DIVISION,0.637537667,9292
2018-10,F,B DIVISION,0.572463768,8832
2018-10,G,B DIVISION,0.702375408,6441
2018-10,JZ,B DIVISION,0.54204739,6457
2018-10,L,B DIVISION,0.931625367,11905
2018-10,M,B DIVISION,0.662710505,6235
2018-10,N,B DIVISION,0.576659039,10488
2018-10,Q,B DIVISION,0.693221244,7494
2018-10,R,B DIVISION,0.47956488,6435
2018-10,S 42nd,A DIVISION,0.993597773,14370
2018-10,S Fkln,B DIVISION,0.998341931,5428
2018-10,S Rock,B DIVISION,0.943581781,3864
2018-10,W,B DIVISION,0,0
2018-11,1,A DIVISION,0.744132397,9970
2018-11,2,A DIVISION,0.610049233,6906
2018-11,3,A DIVISION,0.735233571,6315
2018-11,4,A DIVISION,0.628112754,7911
2018-11,5,A DIVISION,0.72652942,6849
2018-11,6,A DIVISION,0.675726336,11737
2018-11,7,A DIVISION,0.747885196,13240
2018-11,A,B DIVISION,0.523159372,7837
2018-11,B,B DIVISION,0.508599509,4070
2018-11,C,B DIVISION,0.615714286,4200
2018-11,D,B DIVISION,0.545470085,5850
2018-11,E,B DIVISION,0.65440149,8588
2018-11,F,B DIVISION,0.510907983,8205
2018-11,G,B DIVISION,0.690241414,5882
2018-11,JZ,B DIVISION,0.598873912,5861
2018-11,L,B DIVISION,0.949606442,11053
2018-11,M,B DIVISION,0.564516129,5642
2018-11,N,B DIVISION,0.607845329,8948
2018-11,Q,B DIVISION,0.698147041,6692
2018-11,R,B DIVISION,0.467913087,5937
2018-11,S 42nd,A DIVISION,0.996282528,12912
2018-11,S Fkln,B DIVISION,0.990684575,4616
2018-11,S Rock,B DIVISION,0.962018141,3528
2018-11,W,B DIVISION,0,0
2018-12,1,A DIVISION,0.780237581,9260
2018-12,2,A DIVISION,0.619138057,6845
2018-12,3,A DIVISION,0.7401960784,5916
2018-12,4,A DIVISION,0.6171512014,7533
2018-12,5,A DIVISION,0.7008547009,6552
2018-12,6,A DIVISION,0.7250044875,11142
2018-12,7,A DIVISION,0.8569842151,12607
2018-12,A,B DIVISION,0.5738961039,7700
2018-12,B,B DIVISION,0.6153258656,3928
2018-12,C,B DIVISION,0.6273924932,4023
2018-12,D,B DIVISION,0.6058602823,5597
2018-12,E,B DIVISION,0.640556369,8196
2018-12,F,B DIVISION,0.4286443056,7841
2018-12,G,B DIVISION,0.775948461,5588
2018-12,JZ,B DIVISION,0.5936604585,5584
2018-12,L,B DIVISION,0.9004212945,10444
2018-12,M,B DIVISION,0.6649961449,5188
2018-12,N,B DIVISION,0.6266434858,9203
2018-12,Q,B DIVISION,0.7846058349,6444
2018-12,R,B DIVISION,0.5854230561,5543
2018-12,S 42nd,A DIVISION,0.9979565146,12234
2018-12,S Fkln,B DIVISION,0.9955508475,4720
2018-12,S Rock,B DIVISION,0.962797619,3360
2018-12,W,B DIVISION,0,0
2019-01,1,A DIVISION,0.8506493506,10164
2019-01,2,A DIVISION,0.7234837995,7222
2019-01,3,A DIVISION,0.8262629534,6176
2019-01,4,A DIVISION,0.660152409,8136
2019-01,5,A DIVISION,0.7441152035,7222
2019-01,6,A DIVISION,0.7216048374,12238
2019-01,7,A DIVISION,0.8757119907,13694
2019-01,A,B DIVISION,0.6064300227,8367
2019-01,B,B DIVISION,0.6266759131,4326
2019-01,C,B DIVISION,0.6838636364,4400
2019-01,D,B DIVISION,0.6739201039,6158
2019-01,E,B DIVISION,0.7310980349,9007
2019-01,F,B DIVISION,0.5346167227,8623
2019-01,G,B DIVISION,0.7334415584,6160
2019-01,JZ,B DIVISION,0.6665038267,6141
2019-01,L,B DIVISION,0.9021003298,11522
2019-01,M,B DIVISION,0.7002601908,5765
2019-01,N,B DIVISION,0.6712962963,10152
2019-01,Q,B DIVISION,0.8266955267,6930
2019-01,R,B DIVISION,0.6703172814,6209
2019-01,S 42nd,A DIVISION,0.9985283812,14270
2019-01,S Fkln,B DIVISION,0.9940292758,5192
2019-01,S Rock,B DIVISION,0.974025974,3696
2019-01,W,B DIVISION,0,0
2019-02,1,A DIVISION,0.8357256778,8778
2019-02,2,A DIVISION,0.7214206437,6307
2019-02,3,A DIVISION,0.8517647059,5525
2019-02,4,A DIVISION,0.7029356316,7426
2019-02,5,A DIVISION,0.7582877374,6214
2019-02,6,A DIVISION,0.7443112076,10591
2019-02,7,A DIVISION,0.8887959167,11951
2019-02,A,B DIVISION,0.6201266714,7105
2019-02,B,B DIVISION,0.5791464073,3702
2019-02,C,B DIVISION,0.6752631579,3800
2019-02,D,B DIVISION,0.5632403515,5234
2019-02,E,B DIVISION,0.7498715973,7788
2019-02,F,B DIVISION,0.5220370868,7442
2019-02,G,B DIVISION,0.7203230654,5324
2019-02,JZ,B DIVISION,0.657293829,5299
2019-02,L,B DIVISION,0.8753082766,10137
2019-02,M,B DIVISION,0.684047296,5159
2019-02,N,B DIVISION,0.6716235982,5126
2019-02,Q,B DIVISION,0.7780641005,6209
2019-02,R,B DIVISION,0.6832806398,5377
2019-02,S 42nd,A DIVISION,0.997965067,11794
2019-02,S Fkln,B DIVISION,0.9993309545,4484
2019-02,S Rock,B DIVISION,0.9733792671,3193
2019-02,W,B DIVISION,0,0
2019-03,1,A DIVISION,0.8599257885,9702
2019-03,2,A DIVISION,0.7194690265,6780
2019-03,3,A DIVISION,0.796474359,6240
2019-03,4,A DIVISION,0.7386109037,8034
2019-03,5,A DIVISION,0.7883666957,6894
2019-03,6,A DIVISION,0.7545945035,11862
2019-03,7,A DIVISION,0.9100249301,13237
2019-03,A,B DIVISION,0.6299860707,7897
2019-03,B,B DIVISION,0.6075697211,4016
2019-03,C,B DIVISION,0.6849315068,4088
2019-03,D,B DIVISION,0.6124435176,5754
2019-03,E,B DIVISION,0.6982227901,8609
2019-03,F,B DIVISION,0.5604181862,8226
2019-03,G,B DIVISION,0.7806912992,5873
2019-03,JZ,B DIVISION,0.7378309137,5855
2019-03,L,B DIVISION,0.9075298439,10890
2019-03,M,B DIVISION,0.7048287972,5695
2019-03,N,B DIVISION,0.721411605,5637
2019-03,Q,B DIVISION,0.8178802955,6633
2019-03,R,B DIVISION,0.6776039038,5943
2019-03,S 42nd,A DIVISION,0.9967299907,12844
2019-03,S Fkln,B DIVISION,0.9957627119,4956
2019-03,S Rock,B DIVISION,0.9761904762,3528
2019-03,W,B DIVISION,0,0
2019-04,1,A DIVISION,0.870551119,10143
2019-04,2,A DIVISION,0.7603815937,7128
2019-04,3,A DIVISION,0.859375,6208
2019-04,4,A DIVISION,0.7572183315,8139
2019-04,5,A DIVISION,0.8143588325,7229
2019-04,6,A DIVISION,0.7513586957,12512
2019-04,7,A DIVISION,0.8940297435,13919
2019-04,A,B DIVISION,0.6658494729,8158
2019-04,B,B DIVISION,0.6475598527,4344
2019-04,C,B DIVISION,0.7474347015,4288
2019-04,D,B DIVISION,0.6299552165,6029
2019-04,E,B DIVISION,0.7683697218,9023
2019-04,F,B DIVISION,0.6316262354,8904
2019-04,G,B DIVISION,0.8154993011,6439
2019-04,JZ,B DIVISION,0.765261273,6143
2019-04,L,B DIVISION,0.9112132684,11094
2019-04,M,B DIVISION,0.7394803018,5965
2019-04,N,B DIVISION,0.6851145038,9432
2019-04,Q,B DIVISION,0.8254975483,6934
2019-04,R,B DIVISION,0.6277313625,6224
2019-04,S 42nd,A DIVISION,0.9982161439,13454
2019-04,S Fkln,B DIVISION,0.998459168,5192
2019-04,S Rock,B DIVISION,0.9683441558,3696
2019-05,1,A DIVISION,0.8378458206,10157
2019-05,2,A DIVISION,0.7363916947,7128
2019-05,3,A DIVISION,0.8204236484,6326
2019-05,4,A DIVISION,0.7396551724,8120
2019-05,5,A DIVISION,0.7964922049,7184
2019-05,6,A DIVISION,0.761749503,12575
2019-05,7,A DIVISION,0.9045274908,14423
2019-05,A,B DIVISION,0.6603367968,8373
2019-05,B,B DIVISION,0.6351351351,4292
2019-05,C,B DIVISION,0.7481818182,4400
2019-05,D,B DIVISION,0.6310550763,6028
2019-05,E,B DIVISION,0.782594235,9020
2019-05,F,B DIVISION,0.646444728,8621
2019-05,G,B DIVISION,0.7396551724,6380
2019-05,JZ,B DIVISION,0.6953405018,6138
2019-05,L,B DIVISION,0.9163074039,10670
2019-05,M,B DIVISION,0.6952521768,6087
2019-05,N,B DIVISION,0.7197053779,9911
2019-05,Q,B DIVISION,0.8611832612,6930
2019-05,R,B DIVISION,0.6959318218,6219
2019-05,S 42nd,A DIVISION,0.9974728705,13454
2019-05,S Fkln,B DIVISION,0.9973577236,4920
2019-05,S Rock,B DIVISION,0.9539312039,3256
2019-06,1,A DIVISION,0.8263252187,9489
2019-06,2,A DIVISION,0.7563271605,6480
2019-06,3,A DIVISION,0.8193690638,5896
2019-06,4,A DIVISION,0.739498054,7451
2019-06,5,A DIVISION,0.8152290486,6527
2019-06,6,A DIVISION,0.7931464174,11235
2019-06,7,A DIVISION,0.9018531229,13113
2019-06,A,B DIVISION,0.6559011164,7524
2019-06,B,B DIVISION,0.702962578,3848
2019-06,C,B DIVISION,0.742,4000
2019-06,D,B DIVISION,0.673115532,5479
2019-06,E,B DIVISION,0.7931413229,8194
2019-06,F,B DIVISION,0.6820617504,7838
2019-06,G,B DIVISION,0.8117443869,5790
2019-06,JZ,B DIVISION,0.8148413694,5579
2019-06,L,B DIVISION,0.9432264736,9670
2019-06,M,B DIVISION,0.7439289598,5518
2019-06,N,B DIVISION,0.7822462544,8877
2019-06,Q,B DIVISION,0.8804761905,6300
2019-06,R,B DIVISION,0.695706619,5590
2019-06,S 42nd,A DIVISION,0.999019127,12234
2019-06,S Fkln,B DIVISION,0.9902542373,4720
2019-06,S Rock,B DIVISION,0.9651785714,3360
2019-07,1,A DIVISION,0.8526699962,10412
2019-07,2,A DIVISION,0.7103967168,7310
2019-07,3,A DIVISION,0.806122449,6076
2019-07,4,A DIVISION,0.7442146726,8124
2019-07,5,A DIVISION,0.7525845208,7158
2019-07,6,A DIVISION,0.8091161122,12264
2019-07,7,A DIVISION,0.9178844816,14370
2019-07,A,B DIVISION,0.6452312139,8304
2019-07,B,B DIVISION,0.6865116279,4300
2019-07,C,B DIVISION,0.7004545455,4400
2019-07,D,B DIVISION,0.6898246764,6103
2019-07,E,B DIVISION,0.7923503326,9020
2019-07,F,B DIVISION,0.6382189239,8624
2019-07,G,B DIVISION,0.7948597399,6381
2019-07,JZ,B DIVISION,0.8470185728,6138
2019-07,L,B DIVISION,0.9317377538,10738
2019-07,M,B DIVISION,0.7505348034,6077
2019-07,N,B DIVISION,0.7787805646,9529
2019-07,Q,B DIVISION,0.8625018035,6931
2019-07,R,B DIVISION,0.7336569579,6180
2019-07,S 42nd,A DIVISION,0.9938530518,13828
2019-07,S Fkln,B DIVISION,0.9919921875,5120
2019-07,S Rock,B DIVISION,0.9570154096,3699
2019-08,1,A DIVISION,0.8818199532,10264
2019-08,2,A DIVISION,0.7611900295,7462
2019-08,3,A DIVISION,0.8578030572,5626
2019-08,4,A DIVISION,0.7976892822,8136
2019-08,5,A DIVISION,0.8175303197,7256
2019-08,6,A DIVISION,0.87204837,12239
2019-08,7,A DIVISION,0.9207460824,14422
2019-08,A,B DIVISION,0.7324439054,8245
2019-08,B,B DIVISION,0.7436247723,4392
2019-08,C,B DIVISION,0.7818181818,4400
2019-08,D,B DIVISION,0.752749959,6091
2019-08,E,B DIVISION,0.8338516215,9004
2019-08,F,B DIVISION,0.6173741591,8622
2019-08,G,B DIVISION,0.8335423197,6380
2019-08,JZ,B DIVISION,0.834557024,6129
2019-08,L,B DIVISION,0.9176036866,10850
2019-08,M,B DIVISION,0.7263591433,6070
2019-08,N,B DIVISION,0.8349090909,9625
2019-08,Q,B DIVISION,0.8787878788,6930
2019-08,R,B DIVISION,0.7612568837,6174
2019-08,S 42nd,A DIVISION,0.9948810599,13284
2019-08,S Fkln,B DIVISION,0.9967257319,5192
2019-08,S Rock,B DIVISION,0.9510281385,3696
2019-09,1,A DIVISION,0.9052766777,9343
2019-09,2,A DIVISION,0.7820668693,6580
2019-09,3,A DIVISION,0.8852802514,5727
2019-09,4,A DIVISION,0.7610607676,7504
2019-09,5,A DIVISION,0.7864240942,6541
2019-09,6,A DIVISION,0.7844773999,11261
2019-09,7,A DIVISION,0.9602684359,13113
2019-09,A,B DIVISION,0.6594328318,7511
2019-09,B,B DIVISION,0.6990835031,3928
2019-09,C,B DIVISION,0.74975,4000
2019-09,D,B DIVISION,0.6804744526,5480
2019-09,E,B DIVISION,0.7955680019,8213
2019-09,F,B DIVISION,0.6680291225,7829
2019-09,G,B DIVISION,0.7899637869,5799
2019-09,JZ,B DIVISION,0.846953405,5580
2019-09,L,B DIVISION,0.9077091198,10066
2019-09,M,B DIVISION,0.7765462996,5594
2019-09,N,B DIVISION,0.802556049,9233
2019-09,Q,B DIVISION,0.8682539683,6300
2019-09,R,B DIVISION,0.7743934833,5647
2019-09,S 42nd,A DIVISION,0.9952408702,10296
2019-09,S Fkln,B DIVISION,0.9974576271,4720
2019-09,S Rock,B DIVISION,0.9632653061,2940
2019-10,1,A DIVISION,0.8601543384,10626
2019-10,2,A DIVISION,0.7899603699,7570
2019-10,3,A DIVISION,0.8886712865,6638
2019-10,4,A DIVISION,0.7738333137,8507
2019-10,5,A DIVISION,0.807105926,7543
2019-10,6,A DIVISION,0.7704547227,12821
2019-10,7,A DIVISION,0.878236622,15062
2019-10,A,B DIVISION,0.6566320646,8670
2019-10,B,B DIVISION,0.6627284886,4486
2019-10,C,B DIVISION,0.7497826087,4600
2019-10,D,B DIVISION,0.6267851476,6302
2019-10,E,B DIVISION,0.7845174973,9430
2019-10,F,B DIVISION,0.6781979978,8990
2019-10,G,B DIVISION,0.7923538231,6670
2019-10,JZ,B DIVISION,0.8239513488,6413
2019-10,L,B DIVISION,0.9371024735,11320
2019-10,M,B DIVISION,0.8011363636,6512
2019-10,N,B DIVISION,0.7836044715,11003
2019-10,Q,B DIVISION,0.8313762971,7324
2019-10,R,B DIVISION,0.7689224603,6487
2019-10,S 42nd,A DIVISION,0.9830737982,11816
2019-10,S Fkln,B DIVISION,0.9970523213,5428
2019-10,S Rock,B DIVISION,0.9754273504,3744
2019-11,1,A DIVISION,0.8416013925,9192
2019-11,2,A DIVISION,0.8117283951,6804
2019-11,3,A DIVISION,0.89257746,5874
2019-11,4,A DIVISION,0.7660810811,7400
2019-11,5,A DIVISION,0.795090715,6559
2019-11,6,A DIVISION,0.7752525253,11088
2019-11,7,A DIVISION,0.9235532452,13081
2019-11,A,B DIVISION,0.6671560123,7493
2019-11,B,B DIVISION,0.6286602747,3859
2019-11,C,B DIVISION,0.7637305699,3860
2019-11,D,B DIVISION,0.6770082173,5963
2019-11,E,B DIVISION,0.7835365854,8200
2019-11,F,B DIVISION,0.7135748916,7838
2019-11,G,B DIVISION,0.7655065472,5804
2019-11,JZ,B DIVISION,0.8238351254,5580
2019-11,L,B DIVISION,0.9525810324,9996
2019-11,M,B DIVISION,0.8090586146,5630
2019-11,N,B DIVISION,0.7474221209,9213
2019-11,Q,B DIVISION,0.816419792,6346
2019-11,R,B DIVISION,0.7582710779,5622
2019-11,S 42nd,A DIVISION,0.9807692308,10556
2019-11,S Fkln,B DIVISION,0.9906779661,4720
2019-11,S Rock,B DIVISION,0.9521604938,3240
2019-12,1,A DIVISION,0.843314192,9752
2019-12,2,A DIVISION,0.7709644373,6833
2019-12,3,A DIVISION,0.8615164975,6304
2019-12,4,A DIVISION,0.7897310513,7771
2019-12,5,A DIVISION,0.8067092652,6886
2019-12,6,A DIVISION,0.7693228454,11696
2019-12,7,A DIVISION,0.8913234648,13646
2019-12,A,B DIVISION,0.6541833667,7984
2019-12,B,B DIVISION,0.6298923679,4088
2019-12,C,B DIVISION,0.7029843676,4222
2019-12,D,B DIVISION,0.6295975017,5764
2019-12,E,B DIVISION,0.7754936121,8610
2019-12,F,B DIVISION,0.6702308627,8230
2019-12,G,B DIVISION,0.7275862069,6090
2019-12,JZ,B DIVISION,0.7822663471,5842
2019-12,L,B DIVISION,0.9544261976,10291
2019-12,M,B DIVISION,0.7940254167,6059
2019-12,N,B DIVISION,0.7056317539,9624
2019-12,Q,B DIVISION,0.8303881589,6621
2019-12,R,B DIVISION,0.7156318358,5943
2019-12,S 42nd,A DIVISION,0.9835759943,11264
2019-12,S Fkln,B DIVISION,0.9975786925,4956
2019-12,S Rock,B DIVISION,0.9577664399,3528
2020-01,1,A DIVISION,0.8813719917,10554
2020-01,2,A DIVISION,0.8530695771,7330
2020-01,3,A DIVISION,0.8914129941,6603
2020-01,4,A DIVISION,0.810807484,8124
2020-01,5,A DIVISION,0.8576763485,7230
2020-01,6,A DIVISION,0.8363963081,12243
2020-01,7,A DIVISION,0.9154687393,14539
2020-01,A,B DIVISION,0.7281318149,8254
2020-01,B,B DIVISION,0.7149814471,4312
2020-01,C,B DIVISION,0.7781818182,4400
2020-01,D,B DIVISION,0.7080291971,6028
2020-01,E,B DIVISION,0.8052371319,8898
2020-01,F,B DIVISION,0.7251334568,9179
2020-01,G,B DIVISION,0.7805642633,6380
2020-01,JZ,B DIVISION,0.8312408283,6133
2020-01,L,B DIVISION,0.9345265696,10783
2020-01,M,B DIVISION,0.8034090909,6160
2020-01,N,B DIVISION,0.6779437163,9843
2020-01,Q,B DIVISION,0.8471780029,6910
2020-01,R,B DIVISION,0.7619277885,6204
2020-01,S 42nd,A DIVISION,0.9878843583,11968
2020-01,S Fkln,B DIVISION,0.9982665639,5192
2020-01,S Rock,B DIVISION,0.9729437229,3696
2020-02,1,A DIVISION,0.8733483725,9309
2020-02,2,A DIVISION,0.8153021442,6156
2020-02,3,A DIVISION,0.8712147581,5746
2020-02,4,A DIVISION,0.7887845147,7026
2020-02,5,A DIVISION,0.8181964833,6199
2020-02,6,A DIVISION,0.7964100142,10585
2020-02,7,A DIVISION,0.9318034906,12376
2020-02,A,B DIVISION,0.7428170988,7135
2020-02,B,B DIVISION,0.7059613319,3724
2020-02,C,B DIVISION,0.7921052632,3800
2020-02,D,B DIVISION,0.7080291971,5206
2020-02,E,B DIVISION,0.8008474576,7788
2020-02,F,B DIVISION,0.7257826145,7443
2020-02,G,B DIVISION,0.7729170448,5509
2020-02,JZ,B DIVISION,0.8406344411,5296
2020-02,L,B DIVISION,0.915274082,9395
2020-02,M,B DIVISION,0.8375778155,5301
2020-02,N,B DIVISION,0.6357249798,8683
2020-02,Q,B DIVISION,0.8023533153,6289
2020-02,R,B DIVISION,0.7877596856,5343
2020-02,S 42nd,A DIVISION,0.9917218543,9664
2020-02,S Fkln,B DIVISION,0.9968777877,4484
2020-02,S Rock,B DIVISION,0.9846635368,3195
2020-03,1,A DIVISION,0.9210299194,6952
2020-03,2,A DIVISION,0.8472450658,4864
2020-03,3,A DIVISION,0.9206666667,4500
2020-03,4,A DIVISION,0.8608775137,5470
2020-03,5,A DIVISION,0.8678848981,4761
2020-03,6,A DIVISION,0.869451074,8380
2020-03,7,A DIVISION,0.9303324808,9775
2020-03,A,B DIVISION,0.7573295655,5662
2020-03,B,B DIVISION,0.8030612245,2940
2020-03,C,B DIVISION,0.8103333333,3000
2020-03,D,B DIVISION,0.7715328467,4110
2020-03,E,B DIVISION,0.8513162171,6154
2020-03,F,B DIVISION,0.7925106383,5875
2020-03,G,B DIVISION,0.7990804598,4350
2020-03,JZ,B DIVISION,0.8697418738,4184
2020-03,L,B DIVISION,0.9127614509,7554
2020-03,M,B DIVISION,0.8812400274,4387
2020-03,N,B DIVISION,0.7053623188,6900
2020-03,Q,B DIVISION,0.8337563452,4728
2020-03,R,B DIVISION,0.8328605201,4230
2020-03,S 42nd,A DIVISION,0.9935400517,7740
2020-03,S Fkln,B DIVISION,0.9937853107,3540
2020-03,S Rock,B DIVISION,0.9765873016,2520
2020-04,1,A DIVISION,0.9555831266,4030
2020-04,2,A DIVISION,0.867792974,3729
2020-04,3,A DIVISION,0.9194484761,2756
2020-04,4,A DIVISION,0.9269720102,3930
2020-04,5,A DIVISION,0.905381004,2769
2020-04,6,A DIVISION,0.9177279674,3926
2020-04,7,A DIVISION,0.8307912297,4196
2020-04,A,B DIVISION,0.8666666667,1740
2020-04,D,B DIVISION,0.9011443102,3146
2020-04,E,B DIVISION,0.8917378917,2808
2020-04,F,B DIVISION,0.8853276353,2808
2020-04,G,B DIVISION,0.7136627907,3440
2020-04,JZ,B DIVISION,0.7741199478,3068
2020-04,L,B DIVISION,0.9595464297,3263
2020-04,M,B DIVISION,0.8089849108,2916
2020-04,N,B DIVISION,0.7020012508,3198
2020-04,Q,B DIVISION,0.8650793651,3276
2020-04,R,B DIVISION,0.8457977208,2808
2020-04,S Fkln,B DIVISION,0.9951108214,3068
2020-04,S Rock,B DIVISION,0.989010989,1820
2020-05,1,A DIVISION,0.9720967742,6200
2020-05,2,A DIVISION,0.925617284,6480
2020-05,3,A DIVISION,0.9366713189,5732
2020-05,4,A DIVISION,0.9432432432,7400
2020-05,5,A DIVISION,0.8984997656,4266
2020-05,6,A DIVISION,0.9353968254,6300
2020-05,7,A DIVISION,0.9863547758,6669
2020-05,A,B DIVISION,0.9298705841,5718
2020-05,C,B DIVISION,0.9479038224,3244
2020-05,D,B DIVISION,0.9396067416,4984
2020-05,E,B DIVISION,0.96875,4320
2020-05,F,B DIVISION,0.931234082,4319
2020-05,G,B DIVISION,0.963317757,4280
2020-05,JZ,B DIVISION,0.9616525424,4720
2020-05,L,B DIVISION,0.9885079126,5308
2020-05,M,B DIVISION,0.9784090909,4400
2020-05,N,B DIVISION,0.8937598736,5064
2020-05,Q,B DIVISION,0.9598412698,6300
2020-05,R,B DIVISION,0.9502775208,4324
2020-05,S Fkln,B DIVISION,0.9944915254,4720
2020-05,S Rock,B DIVISION,0.9835596855,2798
2020-06,1,A DIVISION,0.9666399519,9982
2020-06,2,A DIVISION,0.9028089888,7120
2020-06,3,A DIVISION,0.9347358722,6512
2020-06,4,A DIVISION,0.9103194103,8140
2020-06,5,A DIVISION,0.8958647751,6626
2020-06,6,A DIVISION,0.9362355954,11715
2020-06,7,A DIVISION,0.9453862028,13568
2020-06,A,B DIVISION,0.8946670204,7538
2020-06,B,B DIVISION,0.8544417767,3332
2020-06,C,B DIVISION,0.9150014073,3553
2020-06,D,B DIVISION,0.8980026195,6108
2020-06,E,B DIVISION,0.9402523209,8402
2020-06,F,B DIVISION,0.8976520169,6644
2020-06,G,B DIVISION,0.9438860972,5970
2020-06,JZ,B DIVISION,0.9603107583,5921
2020-06,L,B DIVISION,0.972026989,7114
2020-06,M,B DIVISION,0.9446331522,5888
2020-06,N,B DIVISION,0.8272200772,9324
2020-06,Q,B DIVISION,0.9223553182,6929
2020-06,R,B DIVISION,0.8994966715,6159
2020-06,S Fkln,B DIVISION,0.9942218798,5192
2020-06,S Rock,B DIVISION,0.9824258139,3471
2020-07,1,A DIVISION,0.9371536025,10104
2020-07,2,A DIVISION,0.8487240942,7093
2020-07,3,A DIVISION,0.9074992253,6454
2020-07,4,A DIVISION,0.8918918919,8140
2020-07,5,A DIVISION,0.8755947383,7146
2020-07,6,A DIVISION,0.9111401503,12244
2020-07,7,A DIVISION,0.9443286072,14388
2020-07,A,B DIVISION,0.8513939394,8250
2020-07,B,B DIVISION,0.8123840445,4312
2020-07,C,B DIVISION,0.8862039899,3559
2020-07,D,B DIVISION,0.8445587259,6028
2020-07,E,B DIVISION,0.9076496674,9020
2020-07,F,B DIVISION,0.8557635175,6732
2020-07,G,B DIVISION,0.9126623377,6160
2020-07,JZ,B DIVISION,0.9408987301,6142
2020-07,L,B DIVISION,0.9488769695,11932
2020-07,M,B DIVISION,0.9203703704,5940
2020-07,N,B DIVISION,0.7780656304,10422
2020-07,Q,B DIVISION,0.8581324867,6929
2020-07,R,B DIVISION,0.8638040926,5962
2020-07,S Fkln,B DIVISION,0.9955701079,5192
2020-07,S Rock,B DIVISION,0.9710497835,3696
2020-08,1,A DIVISION,0.9384932921,9690
2020-08,2,A DIVISION,0.8110294118,6800
2020-08,3,A DIVISION,0.8406801008,6352
2020-08,4,A DIVISION,0.8385085098,7697
2020-08,5,A DIVISION,0.8325217648,6777
2020-08,6,A DIVISION,0.8836985943,11453
2020-08,7,A DIVISION,0.8959153902,13710
2020-08,A,B DIVISION,0.8266666667,7875
2020-08,B,B DIVISION,0.8168124393,4116
2020-08,C,B DIVISION,0.8908929627,3382
2020-08,D,B DIVISION,0.8498435871,5754
2020-08,E,B DIVISION,0.9166085947,8610
2020-08,F,B DIVISION,0.8520602098,6577
2020-08,G,B DIVISION,0.9265387161,6044
2020-08,JZ,B DIVISION,0.9153439153,5859
2020-08,L,B DIVISION,0.9473452496,11357
2020-08,M,B DIVISION,0.9312169312,5670
2020-08,N,B DIVISION,0.8094105481,9670
2020-08,Q,B DIVISION,0.8631517453,6847
2020-08,R,B DIVISION,0.9008918055,5943
2020-08,S 42nd,A DIVISION,0.9923720472,8128
2020-08,S Fkln,B DIVISION,0.9909200969,4956
2020-08,S Rock,B DIVISION,0.9560657596,3528
2020-09,1,A DIVISION,0.9291428571,9625
2020-09,2,A DIVISION,0.8197494473,6785
2020-09,3,A DIVISION,0.9132111861,6222
2020-09,4,A DIVISION,0.8863316711,7821
2020-09,5,A DIVISION,0.8866686114,6856
2020-09,6,A DIVISION,0.8965428277,11628
2020-09,7,A DIVISION,0.9606687781,13577
2020-09,A,B DIVISION,0.8353727766,7927
2020-09,B,B DIVISION,0.8479318735,4110
2020-09,C,B DIVISION,0.9013505578,3406
2020-09,D,B DIVISION,0.8381995134,5754
2020-09,E,B DIVISION,0.8530103481,8504
2020-09,F,B DIVISION,0.7884735202,6420
2020-09,G,B DIVISION,0.8960884354,5880
2020-09,JZ,B DIVISION,0.9358033123,5857
2020-09,L,B DIVISION,0.9203732775,11466
2020-09,M,B DIVISION,0.9375441073,5668
2020-09,N,B DIVISION,0.7901106858,9667
2020-09,Q,B DIVISION,0.8922984356,6648
2020-09,R,B DIVISION,0.8813272389,5907
2020-09,S 42nd,A DIVISION,0.9926884139,10668
2020-09,S Fkln,B DIVISION,0.9995964487,4956
2020-09,S Rock,B DIVISION,0.9784580499,3528
2020-10,1,A DIVISION,0.9197138315,10064
2020-10,2,A DIVISION,0.8479236813,7128
2020-10,3,A DIVISION,0.9172645398,6551
2020-10,4,A DIVISION,0.9049591812,8207
2020-10,5,A DIVISION,0.8986919009,7186
2020-10,6,A DIVISION,0.9294117647,12240
2020-10,7,A DIVISION,0.9692383848,14141
2020-10,A,B DIVISION,0.8066225166,8305
2020-10,B,B DIVISION,0.8738654875,4297
2020-10,C,B DIVISION,0.8908835905,3565
2020-10,D,B DIVISION,0.8124084025,6141
2020-10,E,B DIVISION,0.8072551946,8711
2020-10,F,B DIVISION,0.8038780343,6756
2020-10,G,B DIVISION,0.9175502453,6319
2020-10,JZ,B DIVISION,0.9275008146,6138
2020-10,L,B DIVISION,0.9463869464,12012
2020-10,M,B DIVISION,0.9367003367,5940
2020-10,N,B DIVISION,0.8194828267,10132
2020-10,Q,B DIVISION,0.9196248196,6930
2020-10,R,B DIVISION,0.8947878005,6197
2020-10,S 42nd,A DIVISION,0.9976735863,11176
2020-10,S Fkln,B DIVISION,0.998844376,5192
2020-10,S Rock,B DIVISION,0.9816017316,3696
2020-11,1,A DIVISION,0.917027417,8316
2020-11,2,A DIVISION,0.8264104154,6452
2020-11,3,A DIVISION,0.9018950193,5963
2020-11,4,A DIVISION,0.9066037736,7420
2020-11,5,A DIVISION,0.8852533861,6571
2020-11,6,A DIVISION,0.8928987194,11167
2020-11,7,A DIVISION,0.9586019417,12875
2020-11,A,B DIVISION,0.8254370746,7493
2020-11,B,B DIVISION,0.8673469388,3920
2020-11,C,B DIVISION,0.9108878808,3086
2020-11,D,B DIVISION,0.821121871,5473
2020-11,E,B DIVISION,0.8816195013,7138
2020-11,F,B DIVISION,0.8410082404,6189
2020-11,G,B DIVISION,0.9055357143,5600
2020-11,JZ,B DIVISION,0.9408602151,5580
2020-11,L,B DIVISION,0.9507023352,11177
2020-11,M,B DIVISION,0.9337037037,5400
2020-11,N,B DIVISION,0.7870146962,9118
2020-11,Q,B DIVISION,0.8788546256,6356
2020-11,R,B DIVISION,0.8606921029,5635
2020-11,S 42nd,A DIVISION,0.9966535433,10160
2020-11,S Fkln,B DIVISION,0.9953389831,4720
2020-11,S Rock,B DIVISION,0.9725239617,3130
2020-12,1,A DIVISION,0.8922926829,10250
2020-12,2,A DIVISION,0.8267519466,7192
2020-12,3,A DIVISION,0.8816840811,6508
2020-12,4,A DIVISION,0.8845208845,8140
2020-12,5,A DIVISION,0.8810049696,7244
2020-12,6,A DIVISION,0.8633728052,12245
2020-12,7,A DIVISION,0.906848929,14192
2020-12,A,B DIVISION,0.7777106249,8273
2020-12,B,B DIVISION,0.8200375411,4262
2020-12,C,B DIVISION,0.9211781206,3565
2020-12,D,B DIVISION,0.8155097974,6022
2020-12,E,B DIVISION,0.8875582169,9018
2020-12,F,B DIVISION,0.877554042,6754
2020-12,G,B DIVISION,0.9137168142,6328
2020-12,JZ,B DIVISION,0.9100261267,6124
2020-12,L,B DIVISION,0.9231091031,11952
2020-12,M,B DIVISION,0.9380067568,5920
2020-12,N,B DIVISION,0.7941235459,9972
2020-12,Q,B DIVISION,0.8265143848,6917
2020-12,R,B DIVISION,0.8818517923,6221
2020-12,S 42nd,A DIVISION,0.9913206872,11176
2020-12,S Fkln,B DIVISION,0.999614792,5192
2020-12,S Rock,B DIVISION,0.961058264,3364
2021-01,1,A DIVISION,0.9008916675,9757
2021-01,2,A DIVISION,0.8476821192,6493
2021-01,3,A DIVISION,0.8957152975,5648
2021-01,4,A DIVISION,0.8890540541,7400
2021-01,5,A DIVISION,0.8831683168,6565
2021-01,6,A DIVISION,0.8954582102,11163
2021-01,7,A DIVISION,0.9228371005,12830
2021-01,A,B DIVISION,0.8681333333,7500
2021-01,B,B DIVISION,0.8647959184,3920
2021-01,C,B DIVISION,0.9237654321,3240
2021-01,D,B DIVISION,0.8768248175,5480
2021-01,E,B DIVISION,0.8228356031,8224
2021-01,F,B DIVISION,0.8529942576,6095
2021-01,G,B DIVISION,0.9328571429,5600
2021-01,JZ,B DIVISION,0.9516129032,5580
2021-01,L,B DIVISION,0.9607070892,10918
2021-01,M,B DIVISION,0.8472222222,5400
2021-01,N,B DIVISION,0.8333333333,9120
2021-01,Q,B DIVISION,0.8684043229,6292
2021-01,R,B DIVISION,0.8491166078,5660
2021-01,S Fkln,B DIVISION,0.9995762712,4720
2021-01,S Rock,B DIVISION,0.9845238095,3360
2021-02,1,A DIVISION,0.859505955,9068
2021-02,2,A DIVISION,0.7391233502,6137
2021-02,3,A DIVISION,0.8245858762,5735
2021-02,4,A DIVISION,0.8277685031,7188
2021-02,5,A DIVISION,0.8028553096,6234
2021-02,6,A DIVISION,0.8428395179,10537
2021-02,7,A DIVISION,0.8585717799,12197
2021-02,A,B DIVISION,0.724996503,7149
2021-02,B,B DIVISION,0.7148726376,3651
2021-02,C,B DIVISION,0.826185835,3078
2021-02,D,B DIVISION,0.7458606084,5194
2021-02,E,B DIVISION,0.8506526747,7814
2021-02,F,B DIVISION,0.8201822245,5817
2021-02,G,B DIVISION,0.8578412937,5318
2021-02,JZ,B DIVISION,0.8354454322,5287
2021-02,L,B DIVISION,0.8632544664,10355
2021-02,M,B DIVISION,0.868174727,5128
2021-02,N,B DIVISION,0.7566940999,8627
2021-02,Q,B DIVISION,0.7394424971,5991
2021-02,R,B DIVISION,0.8391296262,5377
2021-02,S 42nd,A DIVISION,0.9982043097,5012
2021-02,S Fkln,B DIVISION,0.983719893,4484
2021-02,S Rock,B DIVISION,0.9230009872,3039
2021-03,1,A DIVISION,0.8997774893,10786
2021-03,2,A DIVISION,0.7995403473,7832
2021-03,3,A DIVISION,0.8859549652,6173
2021-03,4,A DIVISION,0.8583855254,8622
2021-03,5,A DIVISION,0.8801702354,7519
2021-03,6,A DIVISION,0.8850258986,12742
2021-03,7,A DIVISION,0.9506013454,14717
2021-03,A,B DIVISION,0.8202908587,8664
2021-03,B,B DIVISION,0.8268543342,4476
2021-03,C,B DIVISION,0.9076757917,3726
2021-03,D,B DIVISION,0.8568481193,6301
2021-03,E,B DIVISION,0.9031336015,9446
2021-03,F,B DIVISION,0.8334009466,7395
2021-03,G,B DIVISION,0.9059006211,6440
2021-03,JZ,B DIVISION,0.9216022444,6416
2021-03,L,B DIVISION,0.9477186312,12624
2021-03,M,B DIVISION,0.9198903933,6204
2021-03,N,B DIVISION,0.8422056859,10482
2021-03,Q,B DIVISION,0.8603222283,7324
2021-03,R,B DIVISION,0.8952220003,6509
2021-03,S 42nd,A DIVISION,0.9973881247,11486
2021-03,S Fkln,B DIVISION,0.9994473102,5428
2021-03,S Rock,B DIVISION,0.9745508982,3340
2021-04,1,A DIVISION,0.9062923524,10330
2021-04,2,A DIVISION,0.8752799552,7144
2021-04,3,A DIVISION,0.9146530359,6456
2021-04,4,A DIVISION,0.8705752212,8136
2021-04,5,A DIVISION,0.8909596662,7190
2021-04,6,A DIVISION,0.8991389914,12195
2021-04,7,A DIVISION,0.9211679864,14144
2021-04,A,B DIVISION,0.8317623195,8381
2021-04,B,B DIVISION,0.866419295,4312
2021-04,C,B DIVISION,0.9102132435,3564
2021-04,D,B DIVISION,0.8628230616,6036
2021-04,E,B DIVISION,0.9050997783,9020
2021-04,F,B DIVISION,0.891017075,6735
2021-04,G,B DIVISION,0.9185064935,6160
2021-04,JZ,B DIVISION,0.9415214204,6139
2021-04,L,B DIVISION,0.9610217283,12058
2021-04,M,B DIVISION,0.9153456998,5930
2021-04,N,B DIVISION,0.8801482702,9712
2021-04,Q,B DIVISION,0.8786875809,6949
2021-04,R,B DIVISION,0.9083025534,6227
2021-04,S 42nd,A DIVISION,0.9961489089,10906
2021-04,S Fkln,B DIVISION,0.998844376,5192
2021-04,S Rock,B DIVISION,0.9802847755,3652
2021-05,1,A DIVISION,0.9128549751,9226
2021-05,2,A DIVISION,0.8525601481,6484
2021-05,3,A DIVISION,0.9018066243,5978
2021-05,4,A DIVISION,0.8738581408,7444
2021-05,5,A DIVISION,0.87707437,6508
2021-05,6,A DIVISION,0.909368544,11133
2021-05,7,A DIVISION,0.9039218904,12188
2021-05,A,B DIVISION,0.7631544926,7735
2021-05,B,B DIVISION,0.7892561983,3872
2021-05,C,B DIVISION,0.8327160494,3240
2021-05,D,B DIVISION,0.7727272727,5456
2021-05,E,B DIVISION,0.8217253177,8184
2021-05,F,B DIVISION,0.7380860629,7785
2021-05,G,B DIVISION,0.834018224,5597
2021-05,JZ,B DIVISION,0.9103942652,5301
2021-05,L,B DIVISION,0.9502097392,10966
2021-05,M,B DIVISION,0.8828008915,5384
2021-05,N,B DIVISION,0.817060398,8593
2021-05,Q,B DIVISION,0.7856477167,6438
2021-05,R,B DIVISION,0.8441696113,5660
2021-05,S 42nd,A DIVISION,0.9978649068,10304
2021-05,S Fkln,B DIVISION,0.9971008029,4484
2021-05,S Rock,B DIVISION,0.9788135593,2832
2021-06,1,A DIVISION,0.8881475667,10192
2021-06,2,A DIVISION,0.8275571769,7127
2021-06,3,A DIVISION,0.8575334143,6584
2021-06,4,A DIVISION,0.8150836614,8128
2021-06,5,A DIVISION,0.8407616945,7247
2021-06,6,A DIVISION,0.8680868167,12440
2021-06,7,A DIVISION,0.9094381554,14399
2021-06,A,B DIVISION,0.7505583637,8507
2021-06,B,B DIVISION,0.7261235955,4272
2021-06,C,B DIVISION,0.8505328099,3566
2021-06,D,B DIVISION,0.7371541502,6072
2021-06,E,B DIVISION,0.6776053215,9020
2021-06,F,B DIVISION,0.6739485981,8560
2021-06,G,B DIVISION,0.8237111725,6149
2021-06,JZ,B DIVISION,0.9219742629,6139
2021-06,L,B DIVISION,0.9317961165,12360
2021-06,M,B DIVISION,0.8117825793,5924
2021-06,N,B DIVISION,0.7739182813,9961
2021-06,Q,B DIVISION,0.7517934003,6970
2021-06,R,B DIVISION,0.8058236808,6216
2021-06,S 42nd,A DIVISION,0.9726742129,11308
2021-06,S Fkln,B DIVISION,0.9946070878,5192
2021-06,S Rock,B DIVISION,0.9553571429,3696
2021-07,1,A DIVISION,0.8353405316,9632
2021-07,2,A DIVISION,0.7956989247,6789
2021-07,3,A DIVISION,0.8505709625,6130
2021-07,4,A DIVISION,0.8484419263,7766
2021-07,5,A DIVISION,0.8533796497,6909
2021-07,6,A DIVISION,0.8587152949,12174
2021-07,7,A DIVISION,0.9336538462,13520
2021-07,A,B DIVISION,0.7099354839,7750
2021-07,B,B DIVISION,0.7244897959,4116
2021-07,C,B DIVISION,0.7538975501,3592
2021-07,D,B DIVISION,0.7061251445,6057
2021-07,E,B DIVISION,0.6887340302,8610
2021-07,F,B DIVISION,0.6880993361,8134
2021-07,G,B DIVISION,0.8489795918,5880
2021-07,JZ,B DIVISION,0.8602150538,5859
2021-07,L,B DIVISION,0.933974414,11647
2021-07,M,B DIVISION,0.7997529993,5668
2021-07,N,B DIVISION,0.7465259638,9571
2021-07,Q,B DIVISION,0.7501088376,6891
2021-07,R,B DIVISION,0.8082630691,5930
2021-07,S 42nd,A DIVISION,0.9925784967,10510
2021-07,S Fkln,B DIVISION,0.9940017138,4668
2021-07,S Rock,B DIVISION,0.9838481156,3529
2021-08,1,A DIVISION,0.8548968556,9986
2021-08,2,A DIVISION,0.8440392707,7130
2021-08,3,A DIVISION,0.8450045276,6626
2021-08,4,A DIVISION,0.8540310169,8447
2021-08,5,A DIVISION,0.8755180989,7238
2021-08,6,A DIVISION,0.8490088914,12259
2021-08,7,A DIVISION,0.8849113888,14163
2021-08,A,B DIVISION,0.686164498,8377
2021-08,B,B DIVISION,0.7551020408,4312
2021-08,C,B DIVISION,0.7238636364,4400
2021-08,D,B DIVISION,0.7617796749,6091
2021-08,E,B DIVISION,0.7555432373,9020
2021-08,F,B DIVISION,0.7272938985,8588
2021-08,G,B DIVISION,0.8422504982,6523
2021-08,JZ,B DIVISION,0.9089576547,6140
2021-08,L,B DIVISION,0.9294322999,12031
2021-08,M,B DIVISION,0.8126262626,5940
2021-08,N,B DIVISION,0.743870045,9788
2021-08,Q,B DIVISION,0.7080745342,6923
2021-08,R,B DIVISION,0.79354318,6195
2021-08,S 42nd,A DIVISION,0.9847593583,7480
2021-08,S Fkln,B DIVISION,0.9953775039,5192
2021-08,S Rock,B DIVISION,0.9818722944,3696
2021-09,1,A DIVISION,0.849132321,9220
2021-09,2,A DIVISION,0.806700633,6477
2021-09,3,A DIVISION,0.8670608108,5920
2021-09,4,A DIVISION,0.7927263144,7589
2021-09,5,A DIVISION,0.8296080833,6532
2021-09,6,A DIVISION,0.8555093555,10582
2021-09,7,A DIVISION,0.8927125506,12844
2021-09,A,B DIVISION,0.6601774599,7551
2021-09,B,B DIVISION,0.6716836735,3920
2021-09,C,B DIVISION,0.63425,4000
2021-09,D,B DIVISION,0.6877167366,5479
2021-09,E,B DIVISION,0.6754878049,8200
2021-09,F,B DIVISION,0.6511360735,7834
2021-09,G,B DIVISION,0.7072391767,5636
2021-09,JZ,B DIVISION,0.9019713262,5580
2021-09,L,B DIVISION,0.9203547832,11049
2021-09,M,B DIVISION,0.7794444444,5400
2021-09,N,B DIVISION,0.7148985507,8625
2021-09,Q,B DIVISION,0.7083529967,6357
2021-09,R,B DIVISION,0.7701962171,5657
2021-09,S 42nd,A DIVISION,0.9997859589,9344
2021-09,S Fkln,B DIVISION,0.9862288136,4720
2021-09,S Rock,B DIVISION,0.9699851412,3365
2021-10,1,A DIVISION,0.8665564966,9682
2021-10,2,A DIVISION,0.8329660643,6807
2021-10,3,A DIVISION,0.8640854047,6276
2021-10,4,A DIVISION,0.8401223242,8175
2021-10,5,A DIVISION,0.8640255406,6891
2021-10,6,A DIVISION,0.8563436048,11618
2021-10,7,A DIVISION,0.9099186506,13399
2021-10,A,B DIVISION,0.6649590164,7808
2021-10,B,B DIVISION,0.7206025267,4116
2021-10,C,B DIVISION,0.7083333333,4200
2021-10,D,B DIVISION,0.6791797011,5754
2021-10,E,B DIVISION,0.7226480836,8610
2021-10,F,B DIVISION,0.6813320369,8228
2021-10,G,B DIVISION,0.8308575287,5924
2021-10,JZ,B DIVISION,0.9161973033,5859
2021-10,L,B DIVISION,0.9263862333,11506
2021-10,M,B DIVISION,0.7939308398,5668
2021-10,N,B DIVISION,0.7794423182,9145
2021-10,Q,B DIVISION,0.7597883598,6615
2021-10,R,B DIVISION,0.794365722,5928
2021-10,S 42nd,A DIVISION,0.9993981083,11630
2021-10,S Fkln,B DIVISION,0.9969733656,4956
2021-10,S Rock,B DIVISION,0.9699115044,3390
2021-11,1,A DIVISION,0.884647217,9666
2021-11,2,A DIVISION,0.843056576,6805
2021-11,3,A DIVISION,0.897007874,6350
2021-11,4,A DIVISION,0.8332917706,8020
2021-11,5,A DIVISION,0.8385323827,6732
2021-11,6,A DIVISION,0.8577284372,11710
2021-11,7,A DIVISION,0.9025901321,13397
2021-11,A,B DIVISION,0.6085560123,7784
2021-11,B,B DIVISION,0.711856171,4116
2021-11,C,B DIVISION,0.6461904762,4200
2021-11,D,B DIVISION,0.6631908238,5754
2021-11,E,B DIVISION,0.7493612079,8610
2021-11,F,B DIVISION,0.7619336815,8233
2021-11,G,B DIVISION,0.8862713241,6155
2021-11,JZ,B DIVISION,0.9066712165,5861
2021-11,L,B DIVISION,0.9145046143,11486
2021-11,M,B DIVISION,0.7971065632,5668
2021-11,N,B DIVISION,0.7677190048,9566
2021-11,Q,B DIVISION,0.7591836735,6615
2021-11,R,B DIVISION,0.7742534166,5927
2021-11,S 42nd,A DIVISION,0.9982158029,11770
2021-11,S Fkln,B DIVISION,0.9943502825,4956
2021-11,S Rock,B DIVISION,0.9557416268,3344
